scenario,variant,profile,size,seed,adapter,offered,accepted,refused,acked,failed,duration_ns,ack_p50_ns,ack_p99_ns,ack_max_ns,failed_max_ns,first_observation_wait_p99_ns,first_observation_wait_max_ns,broker_attempts_max,broker_record_observations,attempted_records,produce_requests,wire_bytes,request_records_p50,global_pending_gap_ns,partition_pending_gap_ns,gap_partition,gap_end_kind,deadline_overshoot_count,sender_errors,max_source_lag_ns,fault_exposure_comparable,last_offer_ns,last_terminal_ns,source_offer_gap_max_ns
baseline.closed-loop-inflight,k1-i1,original,full,0,classic,4096,4096,0,4096,0,26276767000,6404000,6808000,10212000,,5606000,9010000,1,4096,4096,4096,2831494,1,10212000,10212000,5,ack,0,0,0,True,26268959000,26276767000,20212000
baseline.closed-loop-inflight,k1-i1,original,full,0,native,4096,4096,0,4096,0,28673000000,7000000,7000000,8000000,,5203000,5819000,1,4096,4096,4096,2786049,1,8000000,8000000,5,ack,0,0,0,True,28666000000,28673000000,8000000
baseline.closed-loop-inflight,k1-i1,common,full,0,classic,4096,4096,0,4096,0,26276767000,6404000,6808000,10212000,,5606000,9010000,1,4096,4096,4096,2831494,1,10212000,10212000,5,ack,0,0,0,True,26268959000,26276767000,20212000
baseline.closed-loop-inflight,k1-i1,common,full,0,native,4096,4096,0,4096,0,28673000000,7000000,7000000,8000000,,5202001,5818001,1,4096,4096,4096,2785932,1,8000000,8000000,5,ack,0,0,0,True,28666000000,28673000000,8000000
baseline.closed-loop-inflight,k1-i5,original,full,0,classic,4096,4096,0,4096,0,26283503000,6404000,6808000,10212000,,5606000,9010000,1,4096,4096,4096,2831494,1,10212000,10212000,5,ack,0,0,0,True,26277099000,26283503000,20212000
baseline.closed-loop-inflight,k1-i5,original,full,0,native,4096,4096,0,4096,0,28673000000,7000000,7000000,8000000,,5203000,5819000,1,4096,4096,4096,2786049,1,8000000,8000000,5,ack,0,0,0,True,28666000000,28673000000,8000000
baseline.closed-loop-inflight,k1-i5,common,full,0,classic,4096,4096,0,4096,0,26283503000,6404000,6808000,10212000,,5606000,9010000,1,4096,4096,4096,2831494,1,10212000,10212000,5,ack,0,0,0,True,26277099000,26283503000,20212000
baseline.closed-loop-inflight,k1-i5,common,full,0,native,4096,4096,0,4096,0,28673000000,7000000,7000000,8000000,,5202001,5818001,1,4096,4096,4096,2785932,1,8000000,8000000,5,ack,0,0,0,True,28666000000,28673000000,8000000
baseline.closed-loop-inflight,k4-i1,original,full,0,classic,4096,4096,0,4096,0,6570745000,6404000,6808000,11617000,,5606000,10415000,1,4096,4096,2353,2655623,2,9212000,11617000,5,ack,0,0,0,True,6564341000,6570745000,10000000
baseline.closed-loop-inflight,k4-i1,original,full,0,native,4096,4096,0,4096,0,7169000000,7000000,7000000,8000000,,5203000,5819000,1,4096,4096,3264,2678333,1,8000000,8000000,0,ack,0,0,0,True,7162000000,7169000000,8000000
baseline.closed-loop-inflight,k4-i1,common,full,0,classic,4096,4096,0,4096,0,6570745000,6404000,6808000,11617000,,5606000,10415000,1,4096,4096,2353,2655623,2,9212000,11617000,5,ack,0,0,0,True,6564341000,6570745000,10000000
baseline.closed-loop-inflight,k4-i1,common,full,0,native,4096,4096,0,4096,0,7169000000,7000000,7000000,8000000,,5202001,6606001,1,4096,4096,2447,2637366,1,8000000,8000000,0,ack,0,0,0,True,7162000000,7169000000,8000000
baseline.closed-loop-inflight,k4-i5,original,full,0,classic,4096,4096,0,4096,0,6571127000,6404000,6808000,11216000,,5606000,10014000,1,4096,4096,2369,2650055,2,9212000,11216000,5,ack,0,0,0,True,6564723000,6571127000,10000000
baseline.closed-loop-inflight,k4-i5,original,full,0,native,4096,4096,0,4096,0,7169000000,7000000,7000000,8000000,,5203000,5819000,1,4096,4096,3264,2678333,1,8000000,8000000,0,ack,0,0,0,True,7162000000,7169000000,8000000
baseline.closed-loop-inflight,k4-i5,common,full,0,classic,4096,4096,0,4096,0,6571127000,6404000,6808000,11216000,,5606000,10014000,1,4096,4096,2369,2650055,2,9212000,11216000,5,ack,0,0,0,True,6564723000,6571127000,10000000
baseline.closed-loop-inflight,k4-i5,common,full,0,native,4096,4096,0,4096,0,7169000000,7000000,7000000,8000000,,5202001,6205001,1,4096,4096,2447,2637366,1,8000000,8000000,0,ack,0,0,0,True,7162000000,7169000000,8000000
baseline.closed-loop-inflight,k16-i1,original,full,0,classic,4096,4096,0,4096,0,1653507000,6404000,6809000,11617000,,5607000,10415000,1,4096,4096,768,2428883,5,9212000,11617000,2,ack,0,0,0,True,1647103000,1653507000,10000000
baseline.closed-loop-inflight,k16-i1,original,full,0,native,4096,4096,0,4096,0,1793000000,7000000,7000000,8000000,,5203000,5820000,1,4096,4096,1408,2456940,2,8000000,8000000,0,ack,0,0,0,True,1786000000,1793000000,8000000
baseline.closed-loop-inflight,k16-i1,common,full,0,classic,4096,4096,0,4096,0,1653507000,6404000,6809000,11617000,,5607000,10415000,1,4096,4096,768,2428883,5,9212000,11617000,2,ack,0,0,0,True,1647103000,1653507000,10000000
baseline.closed-loop-inflight,k16-i1,common,full,0,native,4096,4096,0,4096,0,1793000000,7000000,7000000,9000000,,5202001,7222001,1,4096,4096,769,2424873,5,8000000,9000000,2,ack,0,0,0,True,1786000000,1793000000,8000000
baseline.closed-loop-inflight,k16-i5,original,full,0,classic,4096,4096,0,4096,0,1650294000,6404000,6808000,11216000,,5606000,10014000,1,4096,4096,768,2433235,5,9212000,11216000,2,ack,0,0,0,True,1643890000,1650294000,10000000
baseline.closed-loop-inflight,k16-i5,original,full,0,native,4096,4096,0,4096,0,1793000000,7000000,7000000,8000000,,5203000,5820000,1,4096,4096,1408,2456940,2,8000000,8000000,0,ack,0,0,0,True,1786000000,1793000000,8000000
baseline.closed-loop-inflight,k16-i5,common,full,0,classic,4096,4096,0,4096,0,1650294000,6404000,6808000,11216000,,5606000,10014000,1,4096,4096,768,2433235,5,9212000,11216000,2,ack,0,0,0,True,1643890000,1650294000,10000000
baseline.closed-loop-inflight,k16-i5,common,full,0,native,4096,4096,0,4096,0,1793000000,7000000,7000000,9000000,,5202001,6821001,1,4096,4096,769,2424873,5,8000000,9000000,2,ack,0,0,0,True,1786000000,1793000000,8000000
baseline.closed-loop-inflight,k64-i1,original,full,0,classic,4096,4096,0,4096,0,208965000,2808000,5616000,7020000,,4414000,5818000,1,4096,4096,340,2357076,13,4212000,4212000,0,ack,0,0,0,True,202349000,208965000,10000000
baseline.closed-loop-inflight,k64-i1,original,full,0,native,4096,4096,0,4096,0,203000000,3000000,8000000,8000000,,5819000,5820000,1,4096,4096,503,2349590,8,8000000,8000000,0,ack,0,0,0,True,197000000,203000000,8000000
baseline.closed-loop-inflight,k64-i1,common,full,0,classic,4096,4096,0,4096,0,208965000,2808000,5616000,7020000,,4414000,5818000,1,4096,4096,340,2357076,13,4212000,4212000,0,ack,0,0,0,True,202349000,208965000,10000000
baseline.closed-loop-inflight,k64-i1,common,full,0,native,4096,4096,0,4096,0,236000000,3000000,8000000,9000000,,5818001,7222001,1,4096,4096,414,2341751,8,8000000,9000000,2,ack,0,0,0,True,229000000,236000000,8000000
baseline.closed-loop-inflight,k64-i5,original,full,0,classic,4096,4096,0,4096,0,159634000,2207000,5215000,6218000,,4013000,5016000,1,4096,4096,344,2357452,12,4404000,4606000,0,ack,0,0,0,True,154227000,159634000,10000000
baseline.closed-loop-inflight,k64-i5,original,full,0,native,4096,4096,0,4096,0,202000000,3000000,8000000,8000000,,5819000,5820000,1,4096,4096,516,2351124,8,8000000,8000000,0,ack,0,0,0,True,195000000,202000000,8000000
baseline.closed-loop-inflight,k64-i5,common,full,0,classic,4096,4096,0,4096,0,159634000,2207000,5215000,6218000,,4013000,5016000,1,4096,4096,344,2357452,12,4404000,4606000,0,ack,0,0,0,True,154227000,159634000,10000000
baseline.closed-loop-inflight,k64-i5,common,full,0,native,4096,4096,0,4096,0,246000000,4000000,8000000,9000000,,5818001,6821001,1,4096,4096,508,2350899,8,8000000,9000000,2,ack,0,0,0,True,240000000,246000000,8000000
baseline.closed-loop-inflight,k256-i1,original,full,0,classic,4096,4096,0,4096,0,206563000,9827000,23869000,25272000,,22667000,24070000,1,4096,4096,340,2356812,12,4212000,5214000,0,ack,0,0,0,True,182695000,206563000,10000000
baseline.closed-loop-inflight,k256-i1,original,full,0,native,4096,4096,0,4096,0,70000000,3000000,8000000,8000000,,5819000,5820000,1,4096,4096,255,2321505,13,8000000,8000000,0,ack,0,0,0,True,67000000,70000000,5000000
baseline.closed-loop-inflight,k256-i1,common,full,0,classic,4096,4096,0,4096,0,206563000,9827000,23869000,25272000,,22667000,24070000,1,4096,4096,340,2356812,12,4212000,5214000,0,ack,0,0,0,True,182695000,206563000,10000000
baseline.closed-loop-inflight,k256-i1,common,full,0,native,4096,4096,0,4096,0,76000000,4000000,8000000,9000000,,6222001,7222001,1,4096,4096,145,2314902,30,8000000,9000000,2,ack,0,0,0,True,69000000,76000000,5000000
baseline.closed-loop-inflight,k256-i5,original,full,0,classic,4096,4096,0,4096,0,151623000,7021000,16650000,17051000,,15448000,15849000,1,4096,4096,340,2356741,13,4212000,5013000,0,ack,0,0,0,True,135575000,151623000,10000000
baseline.closed-loop-inflight,k256-i5,original,full,0,native,4096,4096,0,4096,0,88000000,6000000,8000000,8000000,,5819000,5820000,1,4096,4096,406,2338322,8,8000000,8000000,0,ack,0,0,0,True,81000000,88000000,5000000
baseline.closed-loop-inflight,k256-i5,common,full,0,classic,4096,4096,0,4096,0,151623000,7021000,16650000,17051000,,15448000,15849000,1,4096,4096,340,2356741,13,4212000,5013000,0,ack,0,0,0,True,135575000,151623000,10000000
baseline.closed-loop-inflight,k256-i5,common,full,0,native,4096,4096,0,4096,0,107000000,6000000,8000000,9000000,,6451070,7481075,1,4096,4096,299,2331180,9,8000000,9000000,2,ack,0,0,0,True,100000000,107000000,5000000
baseline.open-loop-rate,rate500,original,full,0,classic,10000,9995,5,9995,0,20000404000,6404000,7212000,9616000,,6010000,8414000,1,9995,9995,5777,6510136,2,9212000,9616000,0,ack,0,0,0,True,19998000000,20000404000,2000000
baseline.open-loop-rate,rate500,original,full,0,native,10000,10000,0,10000,0,20005000000,7000000,7000000,8000000,,5203000,5819000,1,10000,10000,7970,6539692,1,8000000,8000000,5,ack,0,0,0,True,19998000000,20005000000,2000000
baseline.open-loop-rate,rate500,common,full,0,classic,10000,9995,5,9995,0,20000404000,6404000,7212000,9616000,,6010000,8414000,1,9995,9995,5777,6510136,2,9212000,9616000,0,ack,0,0,0,True,19998000000,20000404000,2000000
baseline.open-loop-rate,rate500,common,full,0,native,10000,10000,0,10000,0,20005000000,7000000,7000000,8000000,,5202001,5818001,1,10000,10000,7970,6539575,1,8000000,8000000,5,ack,0,0,0,True,19998000000,20005000000,2000000
baseline.open-loop-rate,rate2000,original,full,0,classic,40000,39980,20,39980,0,20006212000,4404000,6404000,10407000,,5202000,9205000,1,39980,39980,9995,24108988,4,9905000,10407000,4,ack,0,0,0,True,19999500000,20006212000,500000
baseline.open-loop-rate,rate2000,original,full,0,native,40000,40000,0,40000,0,20006000000,5000000,6500000,7500000,,5203000,5819000,1,40000,40000,16874,24360364,2,7500000,7500000,5,ack,0,0,0,True,19999500000,20006000000,500000
baseline.open-loop-rate,rate2000,common,full,0,classic,40000,39980,20,39980,0,20006212000,4404000,6404000,10407000,,5202000,9205000,1,39980,39980,9995,24108988,4,9905000,10407000,4,ack,0,0,0,True,19999500000,20006212000,500000
baseline.open-loop-rate,rate2000,common,full,0,native,40000,40000,0,40000,0,20006000000,5500000,7000000,7500000,,5705001,5818001,1,40000,40000,16874,24360247,2,7500000,7500000,5,ack,0,0,0,True,19999500000,20006000000,500000
baseline.open-loop-rate,rate8000,original,full,0,classic,160000,159917,83,159917,0,20004683000,3154000,6279000,8712000,,5077000,7510000,1,159917,159917,15242,92394547,11,7837000,8712000,2,ack,0,0,0,True,19999875000,20004683000,125000
baseline.open-loop-rate,rate8000,original,full,0,native,160000,160000,0,160000,0,20006000000,3750000,6500000,7375000,,5203000,5820000,1,160000,160000,23437,92214798,7,7125000,7125000,5,ack,0,0,0,True,19999875000,20006000000,125000
baseline.open-loop-rate,rate8000,common,full,0,classic,160000,159917,83,159917,0,20004683000,3154000,6279000,8712000,,5077000,7510000,1,159917,159917,15242,92394547,11,7837000,8712000,2,ack,0,0,0,True,19999875000,20004683000,125000
baseline.open-loop-rate,rate8000,common,full,0,native,160000,160000,0,160000,0,20006000000,4000000,6875000,7625000,,5580001,6196001,1,160000,160000,23437,92214681,7,7125000,7500000,4,ack,0,0,0,True,19999875000,20006000000,125000
baseline.open-loop-rate,rate32000,original,full,0,classic,640000,623082,16918,623082,0,21048500000,2810250,1046625250,1050708750,,1045423250,1049506750,1,623082,623082,51743,358428032,12,4993250,5712000,2,ack,0,0,0,True,19999968750,21048500000,31250
baseline.open-loop-rate,rate32000,original,full,0,native,640000,509644,130356,509644,0,20007000000,2156250,4968750,7125000,,3766500,5820000,1,509644,509644,63736,292458331,8,7031250,7031250,5,ack,0,0,0,True,19999968750,20007000000,31250
baseline.open-loop-rate,rate32000,common,full,0,classic,640000,623082,16918,623082,0,21048500000,2810250,1046625250,1050708750,,1045423250,1049506750,1,623082,623082,51743,358428032,12,4993250,5712000,2,ack,0,0,0,True,19999968750,21048500000,31250
baseline.open-loop-rate,rate32000,common,full,0,native,640000,360513,279487,360513,0,20007000000,3406250,6250000,7875000,,5045751,6664751,1,360513,360513,43913,206790017,8,7031250,7875000,4,ack,0,0,0,True,19999968750,20007000000,31250
baseline.linger-sweep,linger0-skip0,original,full,0,classic,4096,4096,0,4096,0,419424000,3009000,4012000,5215000,,2810000,4013000,1,4096,4096,1209,2502435,3,4212000,4212000,0,ack,0,0,0,True,415813000,419424000,10000000
baseline.linger-sweep,linger0-skip0,original,full,0,native,4096,4096,0,4096,0,506000000,4000000,8000000,9000000,,5819000,7239000,1,4096,4096,2741,2613649,1,8000000,8000000,0,ack,0,0,0,True,501000000,506000000,8000000
baseline.linger-sweep,linger0-skip0,common,full,0,classic,4096,4096,0,4096,0,419424000,3009000,4012000,5215000,,2810000,4013000,1,4096,4096,1209,2502435,3,4212000,4212000,0,ack,0,0,0,True,415813000,419424000,10000000
baseline.linger-sweep,linger0-skip0,common,full,0,native,4096,4096,0,4096,0,544000000,4000000,8000000,10000000,,5818001,8226012,1,4096,4096,1599,2540701,2,8000000,9000000,2,ack,0,0,0,True,538000000,544000000,8000000
baseline.linger-sweep,linger0-skip1,original,full,0,classic,4096,4096,0,4096,0,419424000,3009000,4012000,5215000,,2810000,4013000,1,4096,4096,1209,2502435,3,4212000,4212000,0,ack,0,0,0,True,415813000,419424000,10000000
baseline.linger-sweep,linger0-skip1,original,full,0,native,4096,4096,0,4096,0,506000000,4000000,8000000,9000000,,5819000,7239000,1,4096,4096,2741,2613649,1,8000000,8000000,0,ack,0,0,0,True,501000000,506000000,8000000
baseline.linger-sweep,linger0-skip1,common,full,0,classic,4096,4096,0,4096,0,419424000,3009000,4012000,5215000,,2810000,4013000,1,4096,4096,1209,2502435,3,4212000,4212000,0,ack,0,0,0,True,415813000,419424000,10000000
baseline.linger-sweep,linger0-skip1,common,full,0,native,4096,4096,0,4096,0,544000000,4000000,8000000,10000000,,5818001,8226012,1,4096,4096,1599,2540701,2,8000000,9000000,2,ack,0,0,0,True,538000000,544000000,8000000
baseline.linger-sweep,linger1-skip0,original,full,0,classic,4096,4096,0,4096,0,282171000,2006000,3611000,5215000,,2409000,4013000,1,4096,4096,754,2430261,5,4212000,5215000,0,ack,0,0,0,True,280165000,282171000,10000000
baseline.linger-sweep,linger1-skip0,original,full,0,native,4096,4096,0,4096,0,390000000,3000000,3000000,8000000,,1215000,5820000,1,4096,4096,1459,2462328,2,8000000,8000000,0,ack,0,0,0,True,387000000,390000000,8000000
baseline.linger-sweep,linger1-skip0,common,full,0,classic,4096,4096,0,4096,0,282171000,2006000,3611000,5215000,,2409000,4013000,1,4096,4096,754,2430261,5,4212000,5215000,0,ack,0,0,0,True,280165000,282171000,10000000
baseline.linger-sweep,linger1-skip0,common,full,0,native,4096,4096,0,4096,0,441000000,3000000,5000000,9000000,,3445001,6821001,1,4096,4096,1222,2484202,3,8000000,9000000,2,ack,0,0,0,True,437000000,441000000,8000000
baseline.linger-sweep,linger1-skip1,original,full,0,classic,4096,4096,0,4096,0,282171000,2006000,3611000,5215000,,2409000,4013000,1,4096,4096,754,2430261,5,4212000,5215000,0,ack,0,0,0,True,280165000,282171000,10000000
baseline.linger-sweep,linger1-skip1,original,full,0,native,4096,4096,0,4096,0,519000000,4000000,8000000,9000000,,5819000,7239000,1,4096,4096,2793,2619830,1,8000000,8000000,0,ack,0,0,0,True,513000000,519000000,8000000
baseline.linger-sweep,linger1-skip1,common,full,0,classic,4096,4096,0,4096,0,282171000,2006000,3611000,5215000,,2409000,4013000,1,4096,4096,754,2430261,5,4212000,5215000,0,ack,0,0,0,True,280165000,282171000,10000000
baseline.linger-sweep,linger1-skip1,common,full,0,native,4096,4096,0,4096,0,441000000,3000000,5000000,9000000,,3445001,6821001,1,4096,4096,1222,2484202,3,8000000,9000000,2,ack,0,0,0,True,437000000,441000000,8000000
baseline.linger-sweep,linger5-skip0,original,full,0,classic,4096,4096,0,4096,0,400803000,2808000,6618000,8425000,,5415000,7223000,1,4096,4096,352,2359422,12,4404000,8425000,0,ack,0,0,0,True,394995000,400803000,10000000
baseline.linger-sweep,linger5-skip0,original,full,0,native,4096,4096,0,4096,0,598000000,5000000,7000000,8000000,,5203000,5820000,1,4096,4096,681,2370614,6,8000000,8000000,0,ack,0,0,0,True,591000000,598000000,8000000
baseline.linger-sweep,linger5-skip0,common,full,0,classic,4096,4096,0,4096,0,400803000,2808000,6618000,8425000,,5415000,7223000,1,4096,4096,352,2359422,12,4404000,8425000,0,ack,0,0,0,True,394995000,400803000,10000000
baseline.linger-sweep,linger5-skip0,common,full,0,native,4096,4096,0,4096,0,607000000,5000000,8000000,9000000,,5818001,6821001,1,4096,4096,640,2369467,7,8000000,9000000,2,ack,0,0,0,True,600000000,607000000,8000000
baseline.linger-sweep,linger5-skip1,original,full,0,classic,4096,4096,0,4096,0,400803000,2808000,6618000,8425000,,5415000,7223000,1,4096,4096,352,2359422,12,4404000,8425000,0,ack,0,0,0,True,394995000,400803000,10000000
baseline.linger-sweep,linger5-skip1,original,full,0,native,4096,4096,0,4096,0,513000000,4000000,8000000,9000000,,5819000,7413000,1,4096,4096,2752,2614992,1,8000000,8000000,0,ack,0,0,0,True,507000000,513000000,8000000
baseline.linger-sweep,linger5-skip1,common,full,0,classic,4096,4096,0,4096,0,400803000,2808000,6618000,8425000,,5415000,7223000,1,4096,4096,352,2359422,12,4404000,8425000,0,ack,0,0,0,True,394995000,400803000,10000000
baseline.linger-sweep,linger5-skip1,common,full,0,native,4096,4096,0,4096,0,607000000,5000000,8000000,9000000,,5818001,6821001,1,4096,4096,640,2369467,7,8000000,9000000,2,ack,0,0,0,True,600000000,607000000,8000000
baseline.linger-sweep,linger20-skip0,original,full,0,classic,4096,4096,0,4096,0,628039000,2808000,21212000,22213000,,20010000,21011000,1,4096,4096,347,2358705,12,18808000,20809000,2,ack,0,0,0,True,606422000,628039000,18808000
baseline.linger-sweep,linger20-skip0,original,full,0,native,4096,4096,0,4096,0,1222000000,6000000,22000000,22000000,,20203000,20203000,1,4096,4096,556,2356255,8,20000000,22000000,0,ack,0,0,0,True,1200000000,1222000000,20000000
baseline.linger-sweep,linger20-skip0,common,full,0,classic,4096,4096,0,4096,0,628039000,2808000,21212000,22213000,,20010000,21011000,1,4096,4096,347,2358705,12,18808000,20809000,2,ack,0,0,0,True,606422000,628039000,18808000
baseline.linger-sweep,linger20-skip0,common,full,0,native,4096,4096,0,4096,0,1282000000,7000000,22000000,23000000,,20202001,21205001,1,4096,4096,548,2356483,8,20000000,22000000,0,ack,0,0,0,True,1260000000,1282000000,19000000
baseline.linger-sweep,linger20-skip1,original,full,0,classic,4096,4096,0,4096,0,628039000,2808000,21212000,22213000,,20010000,21011000,1,4096,4096,347,2358705,12,18808000,20809000,2,ack,0,0,0,True,606422000,628039000,18808000
baseline.linger-sweep,linger20-skip1,original,full,0,native,4096,4096,0,4096,0,513000000,4000000,8000000,10000000,,6582000,8214000,1,4096,4096,2748,2614520,1,8000000,10000000,0,ack,0,0,0,True,506000000,513000000,8000000
baseline.linger-sweep,linger20-skip1,common,full,0,classic,4096,4096,0,4096,0,628039000,2808000,21212000,22213000,,20010000,21011000,1,4096,4096,347,2358705,12,18808000,20809000,2,ack,0,0,0,True,606422000,628039000,18808000
baseline.linger-sweep,linger20-skip1,common,full,0,native,4096,4096,0,4096,0,1282000000,7000000,22000000,23000000,,20202001,21205001,1,4096,4096,548,2356483,8,20000000,22000000,0,ack,0,0,0,True,1260000000,1282000000,19000000
baseline.partition-fanout-skew,p1-skew0,original,full,0,classic,4096,4096,0,4096,0,603371000,5015000,5215000,8224000,,4013000,7022000,1,4096,4096,586,2365565,7,4212000,4212000,0,ack,0,0,0,True,596955000,603371000,10000000
baseline.partition-fanout-skew,p1-skew0,original,full,0,native,4096,4096,0,4096,0,518000000,4000000,5000000,8000000,,2809000,5819000,1,4096,4096,509,2350124,8,8000000,8000000,0,ack,0,0,0,True,514000000,518000000,8000000
baseline.partition-fanout-skew,p1-skew0,common,full,0,classic,4096,4096,0,4096,0,603371000,5015000,5215000,8224000,,4013000,7022000,1,4096,4096,586,2365565,7,4212000,4212000,0,ack,0,0,0,True,596955000,603371000,10000000
baseline.partition-fanout-skew,p1-skew0,common,full,0,native,4096,4096,0,4096,0,518000000,4000000,5000000,8000000,,2808016,5818001,1,4096,4096,509,2350124,8,8000000,8000000,0,ack,0,0,0,True,514000000,518000000,8000000
baseline.partition-fanout-skew,p1-skew50,original,full,0,classic,4096,4096,0,4096,0,603371000,5015000,5215000,8224000,,4013000,7022000,1,4096,4096,586,2365565,7,4212000,4212000,0,ack,0,0,0,True,596955000,603371000,10000000
baseline.partition-fanout-skew,p1-skew50,original,full,0,native,4096,4096,0,4096,0,518000000,4000000,5000000,8000000,,2809000,5819000,1,4096,4096,509,2350124,8,8000000,8000000,0,ack,0,0,0,True,514000000,518000000,8000000
baseline.partition-fanout-skew,p1-skew50,common,full,0,classic,4096,4096,0,4096,0,603371000,5015000,5215000,8224000,,4013000,7022000,1,4096,4096,586,2365565,7,4212000,4212000,0,ack,0,0,0,True,596955000,603371000,10000000
baseline.partition-fanout-skew,p1-skew50,common,full,0,native,4096,4096,0,4096,0,518000000,4000000,5000000,8000000,,2808016,5818001,1,4096,4096,509,2350124,8,8000000,8000000,0,ack,0,0,0,True,514000000,518000000,8000000
baseline.partition-fanout-skew,p1-skew90,original,full,0,classic,4096,4096,0,4096,0,603371000,5015000,5215000,8224000,,4013000,7022000,1,4096,4096,586,2365565,7,4212000,4212000,0,ack,0,0,0,True,596955000,603371000,10000000
baseline.partition-fanout-skew,p1-skew90,original,full,0,native,4096,4096,0,4096,0,518000000,4000000,5000000,8000000,,2809000,5819000,1,4096,4096,509,2350124,8,8000000,8000000,0,ack,0,0,0,True,514000000,518000000,8000000
baseline.partition-fanout-skew,p1-skew90,common,full,0,classic,4096,4096,0,4096,0,603371000,5015000,5215000,8224000,,4013000,7022000,1,4096,4096,586,2365565,7,4212000,4212000,0,ack,0,0,0,True,596955000,603371000,10000000
baseline.partition-fanout-skew,p1-skew90,common,full,0,native,4096,4096,0,4096,0,518000000,4000000,5000000,8000000,,2808016,5818001,1,4096,4096,509,2350124,8,8000000,8000000,0,ack,0,0,0,True,514000000,518000000,8000000
baseline.partition-fanout-skew,p6-skew0,original,full,0,classic,4096,4096,0,4096,0,400803000,2808000,6618000,8425000,,5415000,7223000,1,4096,4096,352,2359422,12,4404000,8425000,0,ack,0,0,0,True,394995000,400803000,10000000
baseline.partition-fanout-skew,p6-skew0,original,full,0,native,4096,4096,0,4096,0,598000000,5000000,7000000,8000000,,5203000,5820000,1,4096,4096,681,2370614,6,8000000,8000000,0,ack,0,0,0,True,591000000,598000000,8000000
baseline.partition-fanout-skew,p6-skew0,common,full,0,classic,4096,4096,0,4096,0,400803000,2808000,6618000,8425000,,5415000,7223000,1,4096,4096,352,2359422,12,4404000,8425000,0,ack,0,0,0,True,394995000,400803000,10000000
baseline.partition-fanout-skew,p6-skew0,common,full,0,native,4096,4096,0,4096,0,607000000,5000000,8000000,9000000,,5818001,6821001,1,4096,4096,640,2369467,7,8000000,9000000,2,ack,0,0,0,True,600000000,607000000,8000000
baseline.partition-fanout-skew,p6-skew50,original,full,0,classic,4096,4096,0,4096,0,407064000,2408000,6818000,9426000,,5616000,8224000,1,4096,4096,495,2375823,8,4212000,9426000,0,ack,0,0,0,True,401856000,407064000,10000000
baseline.partition-fanout-skew,p6-skew50,original,full,0,native,4096,4096,0,4096,0,510000000,3000000,7000000,8000000,,5203000,5820000,1,4096,4096,721,2375334,6,8000000,8000000,0,ack,0,0,0,True,503000000,510000000,8000000
baseline.partition-fanout-skew,p6-skew50,common,full,0,classic,4096,4096,0,4096,0,407064000,2408000,6818000,9426000,,5616000,8224000,1,4096,4096,495,2375823,8,4212000,9426000,0,ack,0,0,0,True,401856000,407064000,10000000
baseline.partition-fanout-skew,p6-skew50,common,full,0,native,4096,4096,0,4096,0,516000000,3000000,7000000,9000000,,5208014,6821001,1,4096,4096,684,2372619,6,8000000,9000000,2,ack,0,0,0,True,509000000,516000000,8000000
baseline.partition-fanout-skew,p6-skew90,original,full,0,classic,4096,4096,0,4096,0,551616000,4012000,6417000,9425000,,5215000,8223000,1,4096,4096,678,2385708,7,4212000,9425000,1,ack,0,0,0,True,546805000,551616000,10000000
baseline.partition-fanout-skew,p6-skew90,original,full,0,native,4096,4096,0,4096,0,479000000,3000000,7000000,8000000,,5203000,5819000,1,4096,4096,694,2372103,8,8000000,8000000,1,ack,0,0,0,True,472000000,479000000,8000000
baseline.partition-fanout-skew,p6-skew90,common,full,0,classic,4096,4096,0,4096,0,551616000,4012000,6417000,9425000,,5215000,8223000,1,4096,4096,678,2385708,7,4212000,9425000,1,ack,0,0,0,True,546805000,551616000,10000000
baseline.partition-fanout-skew,p6-skew90,common,full,0,native,4096,4096,0,4096,0,501000000,4000000,8000000,8000000,,5818001,6790022,1,4096,4096,674,2370034,8,8000000,8000000,1,ack,0,0,0,True,495000000,501000000,8000000
baseline.partition-fanout-skew,p16-skew0,original,full,0,classic,4096,4096,0,4096,0,831553000,6404000,7407000,11216000,,6205000,10014000,1,4096,4096,384,2440139,11,9212000,11216000,2,ack,0,0,0,True,825149000,831553000,10000000
baseline.partition-fanout-skew,p16-skew0,original,full,0,native,4096,4096,0,4096,0,897000000,7000000,8000000,10000000,,6209000,7826000,1,4096,4096,989,2466049,4,8000000,10000000,1,ack,0,0,0,True,891000000,897000000,8000000
baseline.partition-fanout-skew,p16-skew0,common,full,0,classic,4096,4096,0,4096,0,831553000,6404000,7407000,11216000,,6205000,10014000,1,4096,4096,384,2440139,11,9212000,11216000,2,ack,0,0,0,True,825149000,831553000,10000000
baseline.partition-fanout-skew,p16-skew0,common,full,0,native,4096,4096,0,4096,0,898000000,7000000,9000000,12000000,,7208001,9830001,1,4096,4096,588,2454178,8,8000000,12000000,5,ack,0,0,0,True,890000000,898000000,8000000
baseline.partition-fanout-skew,p16-skew50,original,full,0,classic,4096,4096,0,4096,0,402643000,2407000,7216000,9425000,,6014000,8223000,1,4096,4096,462,2413556,9,4212000,9425000,1,ack,0,0,0,True,396431000,402643000,10000000
baseline.partition-fanout-skew,p16-skew50,original,full,0,native,4096,4096,0,4096,0,564000000,4000000,8000000,9000000,,5819000,6823000,1,4096,4096,1181,2434578,2,8000000,9000000,0,ack,0,0,0,True,557000000,564000000,8000000
baseline.partition-fanout-skew,p16-skew50,common,full,0,classic,4096,4096,0,4096,0,402643000,2407000,7216000,9425000,,6014000,8223000,1,4096,4096,462,2413556,9,4212000,9425000,1,ack,0,0,0,True,396431000,402643000,10000000
baseline.partition-fanout-skew,p16-skew50,common,full,0,native,4096,4096,0,4096,0,600000000,4000000,8000000,10000000,,6217009,7824001,1,4096,4096,1064,2429971,2,8000000,10000000,0,ack,0,0,0,True,593000000,600000000,8000000
baseline.partition-fanout-skew,p16-skew90,original,full,0,classic,4096,4096,0,4096,0,550212000,4012000,6417000,9425000,,5215000,8223000,1,4096,4096,667,2390012,7,4212000,9425000,4,ack,0,0,0,True,544799000,550212000,10000000
baseline.partition-fanout-skew,p16-skew90,original,full,0,native,4096,4096,0,4096,0,494000000,4000000,8000000,8000000,,5819000,6779000,1,4096,4096,756,2379691,8,8000000,8000000,3,ack,0,0,0,True,487000000,494000000,8000000
baseline.partition-fanout-skew,p16-skew90,common,full,0,classic,4096,4096,0,4096,0,550212000,4012000,6417000,9425000,,5215000,8223000,1,4096,4096,667,2390012,7,4212000,9425000,4,ack,0,0,0,True,544799000,550212000,10000000
baseline.partition-fanout-skew,p16-skew90,common,full,0,native,4096,4096,0,4096,0,526000000,4000000,8000000,9000000,,6526022,7745022,1,4096,4096,736,2378143,8,8000000,9000000,0,ack,0,0,0,True,519000000,526000000,8000000
baseline.compression,random0-zstd0,original,full,0,classic,4096,4096,0,4096,0,976089000,4413000,15647000,15647000,,14445000,14445000,1,4096,4096,2368,9003020,2,4212000,5414000,3,ack,0,0,0,True,964053000,976089000,10000000
baseline.compression,random0-zstd0,original,full,0,native,4096,4096,0,4096,0,412000000,3000000,6000000,8000000,,4213000,5820000,1,4096,4096,1881,8803626,2,8000000,8000000,0,ack,0,0,0,True,405000000,412000000,8000000
baseline.compression,random0-zstd0,common,full,0,classic,4096,4096,0,4096,0,976089000,4413000,15647000,15647000,,14445000,14445000,1,4096,4096,2368,9003020,2,4212000,5414000,3,ack,0,0,0,True,964053000,976089000,10000000
baseline.compression,random0-zstd0,common,full,0,native,4096,4096,0,4096,0,514000000,4000000,7000000,9000000,,5202001,6821001,1,4096,4096,1478,8775040,2,8000000,9000000,2,ack,0,0,0,True,507000000,514000000,8000000
baseline.compression,random0-zstd1,original,full,0,classic,4096,4096,0,4096,0,800042000,6404000,7021000,14242000,,5819000,13040000,1,4096,4096,447,174067,10,6808000,7407000,0,ack,0,0,0,True,793638000,800042000,10000000
baseline.compression,random0-zstd1,original,full,0,native,4096,4096,0,4096,0,472000000,4000000,7000000,9000000,,5203000,6821000,1,4096,4096,763,169584,5,8000000,8000000,0,ack,0,0,0,True,465000000,472000000,8000000
baseline.compression,random0-zstd1,common,full,0,classic,4096,4096,0,4096,0,800042000,6404000,7021000,14242000,,5819000,13040000,1,4096,4096,447,174067,10,6808000,7407000,0,ack,0,0,0,True,793638000,800042000,10000000
baseline.compression,random0-zstd1,common,full,0,native,4096,4096,0,4096,0,468000000,4000000,7000000,9000000,,5205001,6821000,1,4096,4096,882,189604,4,8000000,9000000,4,ack,0,0,0,True,461000000,468000000,8000000
baseline.compression,random0-zstd3,original,full,0,classic,4096,4096,0,4096,0,800042000,6404000,7021000,14242000,,5819000,13040000,1,4096,4096,447,172403,10,6808000,7407000,0,ack,0,0,0,True,793638000,800042000,10000000
baseline.compression,random0-zstd3,original,full,0,native,4096,4096,0,4096,0,472000000,4000000,7000000,9000000,,5203000,6821000,1,4096,4096,763,167794,5,8000000,8000000,0,ack,0,0,0,True,465000000,472000000,8000000
baseline.compression,random0-zstd3,common,full,0,classic,4096,4096,0,4096,0,800042000,6404000,7021000,14242000,,5819000,13040000,1,4096,4096,447,172403,10,6808000,7407000,0,ack,0,0,0,True,793638000,800042000,10000000
baseline.compression,random0-zstd3,common,full,0,native,4096,4096,0,4096,0,468000000,4000000,7000000,9000000,,5205001,6821000,1,4096,4096,882,187404,4,8000000,9000000,4,ack,0,0,0,True,461000000,468000000,8000000
baseline.compression,random1-zstd0,original,full,0,classic,4096,4096,0,4096,0,976089000,4413000,15647000,15647000,,14445000,14445000,1,4096,4096,2368,9003020,2,4212000,5414000,3,ack,0,0,0,True,964053000,976089000,10000000
baseline.compression,random1-zstd0,original,full,0,native,4096,4096,0,4096,0,412000000,3000000,6000000,8000000,,4213000,5820000,1,4096,4096,1881,8803626,2,8000000,8000000,0,ack,0,0,0,True,405000000,412000000,8000000
baseline.compression,random1-zstd0,common,full,0,classic,4096,4096,0,4096,0,976089000,4413000,15647000,15647000,,14445000,14445000,1,4096,4096,2368,9003020,2,4212000,5414000,3,ack,0,0,0,True,964053000,976089000,10000000
baseline.compression,random1-zstd0,common,full,0,native,4096,4096,0,4096,0,514000000,4000000,7000000,9000000,,5202001,6821001,1,4096,4096,1478,8775040,2,8000000,9000000,2,ack,0,0,0,True,507000000,514000000,8000000
baseline.compression,random1-zstd1,original,full,0,classic,4096,4096,0,4096,0,976089000,4413000,15647000,15647000,,14445000,14445000,1,4096,4096,2368,9052172,2,4212000,5414000,3,ack,0,0,0,True,964053000,976089000,10000000
baseline.compression,random1-zstd1,original,full,0,native,4096,4096,0,4096,0,427000000,3000000,6000000,9000000,,4661000,6821000,1,4096,4096,2047,8841637,2,8000000,8000000,0,ack,0,0,0,True,420000000,427000000,8000000
baseline.compression,random1-zstd1,common,full,0,classic,4096,4096,0,4096,0,976089000,4413000,15647000,15647000,,14445000,14445000,1,4096,4096,2368,9052172,2,4212000,5414000,3,ack,0,0,0,True,964053000,976089000,10000000
baseline.compression,random1-zstd1,common,full,0,native,4096,4096,0,4096,0,557000000,4000000,6000000,9000000,,4772018,6821000,1,4096,4096,1632,8808495,2,8000000,9000000,4,ack,0,0,0,True,550000000,557000000,8000000
baseline.compression,random1-zstd3,original,full,0,classic,4096,4096,0,4096,0,976089000,4413000,15647000,15647000,,14445000,14445000,1,4096,4096,2368,9052172,2,4212000,5414000,3,ack,0,0,0,True,964053000,976089000,10000000
baseline.compression,random1-zstd3,original,full,0,native,4096,4096,0,4096,0,427000000,3000000,6000000,9000000,,4661000,6821000,1,4096,4096,2047,8841637,2,8000000,8000000,0,ack,0,0,0,True,420000000,427000000,8000000
baseline.compression,random1-zstd3,common,full,0,classic,4096,4096,0,4096,0,976089000,4413000,15647000,15647000,,14445000,14445000,1,4096,4096,2368,9052172,2,4212000,5414000,3,ack,0,0,0,True,964053000,976089000,10000000
baseline.compression,random1-zstd3,common,full,0,native,4096,4096,0,4096,0,557000000,4000000,6000000,9000000,,4772018,6821000,1,4096,4096,1632,8808495,2,8000000,9000000,4,ack,0,0,0,True,550000000,557000000,8000000
baseline.bursty-onoff,burst50,original,full,0,classic,500,500,0,500,0,18006808000,1404000,6811000,6811000,,5609000,5609000,1,500,500,60,302112,10,5407000,5407000,0,ack,0,0,0,True,18000000000,18006808000,10000000
baseline.bursty-onoff,burst50,original,full,0,native,500,500,0,500,0,18007000000,2000000,8000000,8000000,,5820000,5820000,1,500,500,78,297036,8,8000000,8000000,0,ack,0,0,0,True,18000000000,18007000000,0
baseline.bursty-onoff,burst50,common,full,0,classic,500,500,0,500,0,18006808000,1404000,6811000,6811000,,5609000,5609000,1,500,500,60,302112,10,5407000,5407000,0,ack,0,0,0,True,18000000000,18006808000,10000000
baseline.bursty-onoff,burst50,common,full,0,native,500,500,0,500,0,18008000000,3000000,9000000,9000000,,6821001,6821001,1,500,500,77,296869,8,8000000,9000000,2,ack,0,0,0,True,18000000000,18008000000,0
baseline.bursty-onoff,burst200,original,full,0,classic,2000,2000,0,2000,0,18007422000,3410000,9226000,10229000,,8024000,9027000,1,2000,2000,180,1162114,14,4212000,4212000,0,ack,0,0,0,True,18000001000,18007422000,10000000
baseline.bursty-onoff,burst200,original,full,0,native,2000,2000,0,2000,0,18009000000,3000000,8000000,8000000,,5819000,5820000,1,2000,2000,240,1154855,8,8000000,8000000,0,ack,0,0,0,True,18003000000,18009000000,1000000
baseline.bursty-onoff,burst200,common,full,0,classic,2000,2000,0,2000,0,18007422000,3410000,9226000,10229000,,8024000,9027000,1,2000,2000,180,1162114,14,4212000,4212000,0,ack,0,0,0,True,18000001000,18007422000,10000000
baseline.bursty-onoff,burst200,common,full,0,native,2000,2000,0,2000,0,18010000000,4000000,9000000,9000000,,6821001,6821001,1,2000,2000,194,1152438,8,8000000,9000000,2,ack,0,0,0,True,18003000000,18010000000,1000000
baseline.bursty-onoff,burst800,original,full,0,classic,8000,8000,0,8000,0,18028485000,10429000,26077000,28888000,,24875000,27686000,1,8000,8000,680,4604723,14,4212000,4212000,0,ack,0,0,0,True,18001405000,18028485000,10000000
baseline.bursty-onoff,burst800,original,full,0,native,8000,8000,0,8000,0,18019000000,4000000,7000000,8000000,,5203000,5820000,1,8000,8000,759,4570685,8,8000000,8000000,0,ack,0,0,0,True,18012000000,18019000000,1000000
baseline.bursty-onoff,burst800,common,full,0,classic,8000,8000,0,8000,0,18028485000,10429000,26077000,28888000,,24875000,27686000,1,8000,8000,680,4604723,14,4212000,4212000,0,ack,0,0,0,True,18001405000,18028485000,10000000
baseline.bursty-onoff,burst800,common,full,0,native,8000,8000,0,8000,0,18019000000,5000000,8000000,10000000,,5821001,7848001,1,8000,8000,454,4550053,12,8000000,9000000,2,ack,0,0,0,True,18012000000,18019000000,1000000
baseline.asymmetric-wan-broker,i1-window64k,original,full,0,classic,4096,4096,0,4096,0,4019392000,6404000,144398000,184595000,,123396000,163593000,1,4096,4096,1012,2463993,3,51583000,163028000,2,ack,0,0,0,True,3899785000,4019392000,125000000
baseline.asymmetric-wan-broker,i1-window64k,original,full,0,native,4096,4096,0,4096,0,3080000000,7000000,82000000,87000000,,60550000,65219000,1,4096,4096,1419,2458861,2,41000000,87000000,2,ack,0,0,0,True,3012000000,3080000000,12000000
baseline.asymmetric-wan-broker,i1-window64k,common,full,0,classic,4096,4096,0,4096,0,4019392000,6404000,144398000,184595000,,123396000,163593000,1,4096,4096,1012,2463993,3,51583000,163028000,2,ack,0,0,0,True,3899785000,4019392000,125000000
baseline.asymmetric-wan-broker,i1-window64k,common,full,0,native,4096,4096,0,4096,0,3080000000,7000000,82000000,87000000,,60482067,65218001,1,4096,4096,884,2431994,4,41000000,87000000,2,ack,0,0,0,True,3012000000,3080000000,12000000
baseline.asymmetric-wan-broker,i1-window1024k,original,full,0,classic,4096,4096,0,4096,0,4019392000,6404000,144398000,184595000,,123396000,163593000,1,4096,4096,1012,2463993,3,51583000,163028000,2,ack,0,0,0,True,3899785000,4019392000,125000000
baseline.asymmetric-wan-broker,i1-window1024k,original,full,0,native,4096,4096,0,4096,0,3080000000,7000000,82000000,87000000,,60550000,65219000,1,4096,4096,1419,2458861,2,41000000,87000000,2,ack,0,0,0,True,3012000000,3080000000,12000000
baseline.asymmetric-wan-broker,i1-window1024k,common,full,0,classic,4096,4096,0,4096,0,4019392000,6404000,144398000,184595000,,123396000,163593000,1,4096,4096,1012,2463993,3,51583000,163028000,2,ack,0,0,0,True,3899785000,4019392000,125000000
baseline.asymmetric-wan-broker,i1-window1024k,common,full,0,native,4096,4096,0,4096,0,3080000000,7000000,82000000,87000000,,60482067,65218001,1,4096,4096,884,2431994,4,41000000,87000000,2,ack,0,0,0,True,3012000000,3080000000,12000000
baseline.asymmetric-wan-broker,i5-window64k,original,full,0,classic,4096,4096,0,4096,0,2288878000,6404000,51389000,127239000,,30387000,106237000,1,4096,4096,868,2450168,5,51987000,127239000,2,ack,0,0,0,True,2242874000,2288878000,125000000
baseline.asymmetric-wan-broker,i5-window64k,original,full,0,native,4096,4096,0,4096,0,2299000000,7000000,54000000,87000000,,32013000,65219000,1,4096,4096,1649,2485615,2,8000000,87000000,2,ack,0,0,0,True,2251000000,2299000000,8000000
baseline.asymmetric-wan-broker,i5-window64k,common,full,0,classic,4096,4096,0,4096,0,2288878000,6404000,51389000,127239000,,30387000,106237000,1,4096,4096,868,2450168,5,51987000,127239000,2,ack,0,0,0,True,2242874000,2288878000,125000000
baseline.asymmetric-wan-broker,i5-window64k,common,full,0,native,4096,4096,0,4096,0,2306000000,7000000,57000000,87000000,,35014013,65218001,1,4096,4096,986,2448948,4,9000000,87000000,2,ack,0,0,0,True,2263000000,2306000000,8000000
baseline.asymmetric-wan-broker,i5-window1024k,original,full,0,classic,4096,4096,0,4096,0,2288878000,6404000,51389000,127239000,,30387000,106237000,1,4096,4096,868,2450168,5,51987000,127239000,2,ack,0,0,0,True,2242874000,2288878000,125000000
baseline.asymmetric-wan-broker,i5-window1024k,original,full,0,native,4096,4096,0,4096,0,2299000000,7000000,54000000,87000000,,32013000,65219000,1,4096,4096,1649,2485615,2,8000000,87000000,2,ack,0,0,0,True,2251000000,2299000000,8000000
baseline.asymmetric-wan-broker,i5-window1024k,common,full,0,classic,4096,4096,0,4096,0,2288878000,6404000,51389000,127239000,,30387000,106237000,1,4096,4096,868,2450168,5,51987000,127239000,2,ack,0,0,0,True,2242874000,2288878000,125000000
baseline.asymmetric-wan-broker,i5-window1024k,common,full,0,native,4096,4096,0,4096,0,2306000000,7000000,57000000,87000000,,35014013,65218001,1,4096,4096,986,2448948,4,9000000,87000000,2,ack,0,0,0,True,2263000000,2306000000,8000000
hard.crash-restart-closed,k16-slow0,original,full,0,classic,21923,21923,0,21923,0,15003826000,9404000,12407000,3103205000,,8205000,3093599000,2,21930,21923,4125,13016528,5,18618000,3103205000,0,ack,0,0,0,True,14994422000,15003826000,3004750000
hard.crash-restart-closed,k16-slow0,original,full,0,native,20800,20800,0,20800,0,15007000000,10000000,10000000,3024000000,,5203000,3013332342,2,20807,20800,6906,12453732,3,23000000,3024000000,0,ack,0,0,0,True,14997000000,15007000000,2927000000
hard.crash-restart-closed,k16-slow0,common,full,0,classic,21923,21923,0,21923,0,15003826000,9404000,12407000,3103205000,,8205000,3093599000,2,21930,21923,4125,13016528,5,18618000,3103205000,0,ack,0,0,0,True,14994422000,15003826000,3004750000
hard.crash-restart-closed,k16-slow0,common,full,0,native,20762,20762,0,20762,0,15000000000,10000000,10000000,3030000000,,5208001,3019627432,2,20769,20762,3973,12290356,5,23000000,3030000000,0,ack,0,0,0,True,14990000000,15000000000,2933000000
hard.crash-restart-closed,k16-slow1,original,full,0,classic,21141,21141,0,21141,0,15002151000,9404000,12407000,3512947000,,8205000,3496940000,2,21145,21141,4022,12554643,5,18212000,3512947000,0,ack,0,0,0,True,14992747000,15002151000,3406496000
hard.crash-restart-closed,k16-slow1,original,full,0,native,20736,20736,0,20736,0,15002000000,10000000,10000000,3059000000,,5203000,3048794403,2,20743,20736,6888,12415804,3,23000000,3059000000,0,ack,0,0,0,True,14992000000,15002000000,2962000000
hard.crash-restart-closed,k16-slow1,common,full,0,classic,21141,21141,0,21141,0,15002151000,9404000,12407000,3512947000,,8205000,3496940000,2,21145,21141,4022,12554643,5,18212000,3512947000,0,ack,0,0,0,True,14992747000,15002151000,3406496000
hard.crash-restart-closed,k16-slow1,common,full,0,native,20761,20761,0,20761,0,15004000000,10000000,10000000,3048000000,,5202001,3037281414,2,20768,20761,3914,12283111,5,23000000,3048000000,0,ack,0,0,0,True,14994000000,15004000000,2951000000
hard.crash-restart-closed,k64-slow0,original,full,0,classic,81110,81110,0,81110,0,15012264000,9408000,16012000,3070931000,,11810000,3066729000,1,81110,81110,7745,46842956,11,16618000,3066527000,0,ack,0,0,0,True,14997455000,15012264000,2809071000
hard.crash-restart-closed,k64-slow0,original,full,0,native,96622,96622,0,96622,0,15009000000,8000000,11000000,3018000000,,6227000,3012142126,2,96627,96622,14995,55791927,7,23000000,3013000000,0,ack,0,0,0,True,14999000000,15009000000,2857000000
hard.crash-restart-closed,k64-slow0,common,full,0,classic,81110,81110,0,81110,0,15012264000,9408000,16012000,3070931000,,11810000,3066729000,1,81110,81110,7745,46842956,11,16618000,3066527000,0,ack,0,0,0,True,14997455000,15012264000,2809071000
hard.crash-restart-closed,k64-slow0,common,full,0,native,50572,50572,0,50572,0,15019000000,16000000,20000000,3038000000,,15720001,3032626790,2,50580,50572,9274,29421323,5,23000000,3029000000,0,ack,0,0,0,True,14999000000,15019000000,2866000000
hard.crash-restart-closed,k64-slow1,original,full,0,classic,79571,79571,0,79571,0,15014006000,9408000,16012000,3244847000,,11810000,3240645000,1,79571,79571,7608,45949625,11,13407000,3240443000,0,ack,0,0,0,True,14998395000,15014006000,3096961000
hard.crash-restart-closed,k64-slow1,original,full,0,native,96490,96490,0,96490,0,15008000000,8000000,11000000,3047000000,,6227000,3041797481,2,96495,96490,14985,55716935,7,23000000,3042000000,0,ack,0,0,0,True,14999000000,15008000000,2886000000
hard.crash-restart-closed,k64-slow1,common,full,0,classic,79571,79571,0,79571,0,15014006000,9408000,16012000,3244847000,,11810000,3240645000,1,79571,79571,7608,45949625,11,13407000,3240443000,0,ack,0,0,0,True,14998395000,15014006000,3096961000
hard.crash-restart-closed,k64-slow1,common,full,0,native,50392,50392,0,50392,0,15019000000,16000000,20000000,3163000000,,15728001,3156811763,2,50400,50392,9162,29310271,5,23000000,3154000000,0,ack,0,0,0,True,14999000000,15019000000,2991000000
hard.crash-restart-open,rate1000,original,full,0,classic,30000,29990,10,29990,0,30005808000,4404000,1961248000,3067212000,,1960046000,3066010000,1,29990,29990,11875,18803944,2,9404000,3067212000,0,ack,0,0,0,True,29999000000,30005808000,1000000
hard.crash-restart-open,rate1000,original,full,0,native,30000,28905,1095,28905,0,30006000000,7000000,1934000000,3021000000,,1931829759,3018826759,1,28905,28905,18198,18319685,1,1060000000,3021000000,0,ack,0,0,0,True,29999000000,30006000000,1000000
hard.crash-restart-open,rate1000,common,full,0,classic,30000,29990,10,29990,0,30005808000,4404000,1961248000,3067212000,,1960046000,3066010000,1,29990,29990,11875,18803944,2,9404000,3067212000,0,ack,0,0,0,True,29999000000,30005808000,1000000
hard.crash-restart-open,rate1000,common,full,0,native,30000,28899,1101,28899,0,30006000000,7000000,1947000000,3027000000,,1945281382,3025278382,1,28899,28899,18194,18315703,1,1066000000,3027000000,0,ack,0,0,0,True,29999000000,30006000000,1000000
hard.crash-restart-open,rate4000,original,full,0,classic,120000,119961,39,119961,0,30003558000,4154000,2022581000,3050712000,,2021379000,3049510000,1,119961,119961,17220,70330053,7,8462000,3049808000,0,ack,0,0,0,True,29999750000,30003558000,250000
hard.crash-restart-open,rate4000,original,full,0,native,120000,109855,10145,109855,0,30007000000,4500000,6500000,3015750000,,5203000,3014335476,1,109855,109855,26474,64547306,4,2502000000,3014500000,0,ack,0,0,0,True,29999750000,30007000000,250000
hard.crash-restart-open,rate4000,common,full,0,classic,120000,119961,39,119961,0,30003558000,4154000,2022581000,3050712000,,2021379000,3049510000,1,119961,119961,17220,70330053,7,8462000,3049808000,0,ack,0,0,0,True,29999750000,30003558000,250000
hard.crash-restart-open,rate4000,common,full,0,native,120000,109883,10117,109883,0,30007000000,4500000,7250000,3010000000,,5955001,3008781208,1,109883,109883,26480,64563510,4,2501750000,3010000000,3,ack,0,0,0,True,29999750000,30007000000,250000
hard.crash-restart-open,rate16000,original,full,0,classic,480000,479848,152,479848,0,30006024500,2466500,2321995500,3029712000,,2320793500,3028510000,1,479848,479848,42309,276518521,11,6399500,3028308000,0,ack,0,0,0,True,29999937500,30006024500,62500
hard.crash-restart-open,rate16000,original,full,0,native,480000,433764,46236,433764,0,30007000000,2500000,6000000,3011062500,,4766500,3009849723,1,433764,433764,55024,249000324,8,2816875000,3009687500,3,ack,0,0,0,True,29999937500,30007000000,62500
hard.crash-restart-open,rate16000,common,full,0,classic,480000,479848,152,479848,0,30006024500,2466500,2321995500,3029712000,,2320793500,3028510000,1,479848,479848,42309,276518521,11,6399500,3028308000,0,ack,0,0,0,True,29999937500,30006024500,62500
hard.crash-restart-open,rate16000,common,full,0,native,480000,433675,46325,433675,0,30007000000,2750000,6250000,3020625000,,5017502,3019377460,1,433675,433675,55012,248948994,8,2823625000,3019250000,3,ack,0,0,0,True,29999937500,30007000000,62500
hard.leader-failover-during-outage,move1s-metadata20ms,original,full,0,classic,126782,126782,0,126782,0,27010470000,7605000,12409000,1011865000,,8207000,1007663000,1,126782,126782,11361,73539164,10,18619000,1010464000,0,ack,0,0,0,True,26999462000,27010470000,937660000
hard.leader-failover-during-outage,move1s-metadata20ms,original,full,0,native,88779,88779,0,88779,0,27008000000,10000000,16000000,1036000000,,11317000,1030369955,2,88780,88779,23386,52731238,3,23000000,1031000000,0,ack,0,0,0,True,26996000000,27008000000,951000000
hard.leader-failover-during-outage,move1s-metadata20ms,common,full,0,classic,126782,126782,0,126782,0,27010470000,7605000,12409000,1011865000,,8207000,1007663000,1,126782,126782,11361,73539164,10,18619000,1010464000,0,ack,0,0,0,True,26999462000,27010470000,937660000
hard.leader-failover-during-outage,move1s-metadata20ms,common,full,0,native,64636,64636,0,64636,0,27019000000,12000000,25000000,1041000000,,19800001,1029904167,2,64637,64636,14110,38149142,4,23000000,1037000000,3,ack,0,0,0,True,26999000000,27019000000,919000000
hard.leader-failover-during-outage,move1s-metadata1000ms,original,full,0,classic,145799,145799,0,145799,0,27005425000,5404000,9810000,1028740000,,5607000,1024538000,1,145799,145799,11796,84264620,12,18619000,1028740000,3,ack,0,0,0,True,26996617000,27005425000,955233000
hard.leader-failover-during-outage,move1s-metadata1000ms,original,full,0,native,87326,87326,0,87326,0,27009000000,10000000,18000000,1082000000,,13299000,1076329203,2,87327,87326,23407,51851207,3,23000000,1077000000,0,ack,0,0,0,True,26999000000,27009000000,997000000
hard.leader-failover-during-outage,move1s-metadata1000ms,common,full,0,classic,145799,145799,0,145799,0,27005425000,5404000,9810000,1028740000,,5607000,1024538000,1,145799,145799,11796,84264620,12,18619000,1028740000,3,ack,0,0,0,True,26996617000,27005425000,955233000
hard.leader-failover-during-outage,move1s-metadata1000ms,common,full,0,native,64353,64353,0,64353,0,27013000000,12000000,25000000,1091000000,,19814001,1079924615,2,64354,64353,14172,37942911,4,23000000,1087000000,3,ack,0,0,0,True,26997000000,27013000000,969000000
hard.leader-failover-during-outage,move10s-metadata20ms,original,full,0,classic,83480,83480,0,83480,0,27008931000,8005000,12409000,10019772000,,8207000,10015570000,1,83480,83480,8766,48531944,9,18619000,10018371000,0,ack,0,0,0,True,26998323000,27008931000,9945567000
hard.leader-failover-during-outage,move10s-metadata20ms,original,full,0,native,59134,59134,0,59134,0,27007000000,10000000,18000000,10023000000,,13536000,10017023041,2,59135,59134,17147,35191783,3,23000000,10018000000,0,ack,0,0,0,True,26999000000,27007000000,9938000000
hard.leader-failover-during-outage,move10s-metadata20ms,common,full,0,classic,83480,83480,0,83480,0,27008931000,8005000,12409000,10019772000,,8207000,10015570000,1,83480,83480,8766,48531944,9,18619000,10018371000,0,ack,0,0,0,True,26998323000,27008931000,9945567000
hard.leader-failover-during-outage,move10s-metadata20ms,common,full,0,native,47418,47418,0,47418,0,27022000000,12000000,24000000,10021000000,,19739001,10009885939,2,47419,47418,11018,28031116,4,23000000,10017000000,3,ack,0,0,0,True,26998000000,27022000000,9899000000
hard.leader-failover-during-outage,move10s-metadata1000ms,original,full,0,classic,92091,92091,0,92091,0,27008070000,5806000,10607000,10021480000,,6405000,10017278000,1,92091,92091,8916,53345059,10,18619000,10021480000,3,ack,0,0,0,True,26998262000,27008070000,9947973000
hard.leader-failover-during-outage,move10s-metadata1000ms,original,full,0,native,58178,58178,0,58178,0,27014000000,10000000,19000000,10132000000,,14305000,10126593545,2,58179,58178,17073,34571801,3,23000000,10127000000,0,ack,0,0,0,True,26998000000,27014000000,10047000000
hard.leader-failover-during-outage,move10s-metadata1000ms,common,full,0,classic,92091,92091,0,92091,0,27008070000,5806000,10607000,10021480000,,6405000,10017278000,1,92091,92091,8916,53345059,10,18619000,10021480000,3,ack,0,0,0,True,26998262000,27008070000,9947973000
hard.leader-failover-during-outage,move10s-metadata1000ms,common,full,0,native,47621,47621,0,47621,0,27017000000,12000000,24000000,10121000000,,19688022,10110107628,2,47622,47621,10937,28088185,4,23000000,10117000000,3,ack,0,0,0,True,26999000000,27017000000,9999000000
hard.bootstrap-down-at-start,b1-first,original,full,0,classic,200,176,24,176,0,5205212000,5404000,5004080000,5008080000,,5002878000,5006878000,1,176,176,62,113389,3,4934272000,5008080000,0,ack,0,0,0,True,5199000000,5205212000,1000000
hard.bootstrap-down-at-start,b1-first,original,full,0,native,200,200,0,200,0,5206000000,7000000,5001000000,5004000000,,4999355298,5002355298,1,200,200,109,127332,1,4899000000,5004000000,0,ack,0,0,0,True,5199000000,5206000000,1000000
hard.bootstrap-down-at-start,b1-first,common,full,0,classic,200,176,24,176,0,5205212000,5404000,5004080000,5008080000,,5002878000,5006878000,1,176,176,62,113389,3,4934272000,5008080000,0,ack,0,0,0,True,5199000000,5205212000,1000000
hard.bootstrap-down-at-start,b1-first,common,full,0,native,200,200,0,200,0,5206000000,7000000,5001000000,5004000000,,4998991329,5001991329,1,200,200,106,127065,1,4899000000,5004000000,0,ack,0,0,0,True,5199000000,5206000000,1000000
hard.bootstrap-down-at-start,b2-first,original,full,0,classic,200,190,10,190,0,5205212000,5404000,5059080000,5076080000,,5057878000,5074878000,1,190,190,67,122152,3,4985272000,5076080000,0,ack,0,0,0,True,5199000000,5205212000,1000000
hard.bootstrap-down-at-start,b2-first,original,full,0,native,200,200,0,200,0,5206000000,7000000,5012000000,5015000000,,5010632886,5013632886,1,200,200,112,127686,1,4898000000,5015000000,0,ack,0,0,0,True,5199000000,5206000000,1000000
hard.bootstrap-down-at-start,b2-first,common,full,0,classic,200,190,10,190,0,5205212000,5404000,5059080000,5076080000,,5057878000,5074878000,1,190,190,67,122152,3,4985272000,5076080000,0,ack,0,0,0,True,5199000000,5205212000,1000000
hard.bootstrap-down-at-start,b2-first,common,full,0,native,200,200,0,200,0,5206000000,7000000,5012000000,5015000000,,5009928459,5012928459,1,200,200,111,127519,1,4910000000,5015000000,0,ack,0,0,0,True,5199000000,5206000000,1000000
hard.bootstrap-down-at-start,single,original,full,0,classic,200,100,100,100,0,5205212000,5404000,9212000,9212000,,8010000,8010000,1,100,100,39,63191,2,9212000,9212000,0,ack,0,0,0,True,5199000000,5205212000,1000000
hard.bootstrap-down-at-start,single,original,full,0,native,200,100,100,0,100,5200000000,,,,1000000000,,,,0,0,0,78,,1001000000,1001000000,5,failure,0,0,0,True,5199000000,1001000000,1000000
hard.bootstrap-down-at-start,single,common,full,0,classic,200,100,100,100,0,5205212000,5404000,9212000,9212000,,8010000,8010000,1,100,100,39,63191,2,9212000,9212000,0,ack,0,0,0,True,5199000000,5205212000,1000000
hard.bootstrap-down-at-start,single,common,full,0,native,200,100,100,0,100,5200000000,,,,1000000000,,,,0,0,0,78,,1001000000,1001000000,5,failure,0,0,0,True,5199000000,1001000000,1000000
hard.rolling-restart,overlap0s,original,full,0,classic,96565,96565,0,96565,0,35008039000,7806000,10985000,3116622000,,6608000,3112420000,2,96568,96565,17974,56547508,5,18619000,3112218000,4,ack,0,0,0,True,34998434000,35008039000,3031558000
hard.rolling-restart,overlap0s,original,full,0,native,73071,73071,0,73071,0,35006000000,10000000,10000000,3033000000,,5203000,3027426870,2,73087,73071,23653,43666443,3,23000000,3028000000,1,ack,0,0,0,True,34996000000,35006000000,2933000000
hard.rolling-restart,overlap0s,common,full,0,classic,96565,96565,0,96565,0,35008039000,7806000,10985000,3116622000,,6608000,3112420000,2,96568,96565,17974,56547508,5,18619000,3112218000,4,ack,0,0,0,True,34998434000,35008039000,3031558000
hard.rolling-restart,overlap0s,common,full,0,native,71721,71721,0,71721,0,35011000000,10000000,20000000,3032000000,,15283001,3026457087,2,71741,71721,19121,42530943,4,23000000,3027000000,4,ack,0,0,0,True,34999000000,35011000000,2908000000
hard.rolling-restart,overlap1s,original,full,0,classic,61995,61995,0,61995,0,23008756000,8405000,11407000,3073990000,,7205000,3069788000,2,61999,61995,11924,36344487,4,18619000,3070987000,0,ack,0,0,0,True,22999949000,23008756000,3002346000
hard.rolling-restart,overlap1s,original,full,0,native,47589,47589,0,47589,0,23008000000,10000000,10000000,3024000000,,5203000,3018400624,2,47602,47589,14915,28381845,3,23000000,3021000000,3,ack,0,0,0,True,22998000000,23008000000,2877000000
hard.rolling-restart,overlap1s,common,full,0,classic,61995,61995,0,61995,0,23008756000,8405000,11407000,3073990000,,7205000,3069788000,2,61999,61995,11924,36344487,4,18619000,3070987000,0,ack,0,0,0,True,22999949000,23008756000,3002346000
hard.rolling-restart,overlap1s,common,full,0,native,47226,47226,0,47226,0,23006000000,10000000,18000000,3026000000,,13352001,3020754983,2,47234,47226,12399,27998164,4,23000000,3026000000,0,ack,0,0,0,True,22996000000,23006000000,2916000000
hard.short-vs-long-outage,outage2s-request200ms,original,full,0,classic,18936,18936,0,18936,0,9012655000,12010000,16012000,2117733000,,11810000,2113531000,2,18937,18936,5589,11529110,3,16618000,2097687000,3,ack,0,0,0,True,8999645000,9012655000,1997612000
hard.short-vs-long-outage,outage2s-request200ms,original,full,0,native,15996,15996,0,15996,0,9021000000,16000000,28000000,2038100000,,23271000,2033294628,2,16000,15996,10373,10175502,1,23000000,2022200000,0,ack,0,0,0,True,8999000000,9021000000,1907000000
hard.short-vs-long-outage,outage2s-request200ms,common,full,0,classic,18936,18936,0,18936,0,9012655000,12010000,16012000,2117733000,,11810000,2113531000,2,18937,18936,5589,11529110,3,16618000,2097687000,3,ack,0,0,0,True,8999645000,9012655000,1997612000
hard.short-vs-long-outage,outage2s-request200ms,common,full,0,native,15357,15357,0,15357,0,9018000000,16000000,20000000,2065000000,,15740007,2060101095,2,15359,15357,5763,9487685,2,23000000,2023000000,3,ack,0,0,0,True,8999000000,9018000000,1873000000
hard.short-vs-long-outage,outage2s-request2000ms,original,full,0,classic,18936,18936,0,18936,0,9012655000,12010000,16012000,2117733000,,11810000,2113531000,2,18937,18936,5589,11529110,3,16618000,2097687000,3,ack,0,0,0,True,8999645000,9012655000,1997612000
hard.short-vs-long-outage,outage2s-request2000ms,original,full,0,native,15996,15996,0,15996,0,9021000000,16000000,28000000,2038100000,,23271000,2033294628,2,16000,15996,10373,10175502,1,23000000,2022200000,0,ack,0,0,0,True,8999000000,9021000000,1907000000
hard.short-vs-long-outage,outage2s-request2000ms,common,full,0,classic,18936,18936,0,18936,0,9012655000,12010000,16012000,2117733000,,11810000,2113531000,2,18937,18936,5589,11529110,3,16618000,2097687000,3,ack,0,0,0,True,8999645000,9012655000,1997612000
hard.short-vs-long-outage,outage2s-request2000ms,common,full,0,native,15357,15357,0,15357,0,9018000000,16000000,20000000,2065000000,,15740007,2060101095,2,15359,15357,5763,9487685,2,23000000,2023000000,3,ack,0,0,0,True,8999000000,9018000000,1873000000
hard.short-vs-long-outage,outage8s-request200ms,original,full,0,classic,13066,13066,0,13018,48,13032410000,12010000,16012000,21218000,5000535000,11810000,17016000,1,13019,13019,3926,7948832,3,4084415000,5091313000,3,failure,0,0,0,True,13020000000,13032410000,31000000
hard.short-vs-long-outage,outage8s-request200ms,original,full,0,native,11106,11106,0,11058,48,13085000000,16000000,28000000,65000000,5000900000,23271000,60250000,1,11062,11062,7303,7054206,1,3990000000,5005100000,3,failure,0,0,0,True,13020000000,13085000000,23000000
hard.short-vs-long-outage,outage8s-request200ms,common,full,0,classic,13066,13066,0,13018,48,13032410000,12010000,16012000,21218000,5000535000,11810000,17016000,1,13019,13019,3926,7948832,3,4084415000,5091313000,3,failure,0,0,0,True,13020000000,13032410000,31000000
hard.short-vs-long-outage,outage8s-request200ms,common,full,0,native,10665,10665,0,10617,48,13077000000,16000000,20000000,57000000,5000900000,15757007,52241003,1,10619,10619,4032,6569128,2,3988000000,5001100000,0,failure,0,0,0,True,13020000000,13077000000,23000000
hard.short-vs-long-outage,outage8s-request2000ms,original,full,0,classic,13066,13066,0,13018,48,13032410000,12010000,16012000,21218000,5000535000,11810000,17016000,1,13019,13019,3926,7948832,3,4084415000,5091313000,3,failure,0,0,0,True,13020000000,13032410000,31000000
hard.short-vs-long-outage,outage8s-request2000ms,original,full,0,native,11106,11106,0,11058,48,13085000000,16000000,28000000,65000000,5000900000,23271000,60250000,1,11062,11062,7303,7054206,1,3990000000,5005100000,3,failure,0,0,0,True,13020000000,13085000000,23000000
hard.short-vs-long-outage,outage8s-request2000ms,common,full,0,classic,13066,13066,0,13018,48,13032410000,12010000,16012000,21218000,5000535000,11810000,17016000,1,13019,13019,3926,7948832,3,4084415000,5091313000,3,failure,0,0,0,True,13020000000,13032410000,31000000
hard.short-vs-long-outage,outage8s-request2000ms,common,full,0,native,10665,10665,0,10617,48,13077000000,16000000,20000000,57000000,5000900000,15757007,52241003,1,10619,10619,4032,6569128,2,3988000000,5001100000,0,failure,0,0,0,True,13020000000,13077000000,23000000
hard.flapping-broker,duty50-slow0,original,full,0,classic,62000,61980,20,61980,0,31005309000,4404000,486221000,600712000,,483010000,599510000,2,62000,61980,14328,37192933,4,9905000,600712000,0,ack,0,0,0,True,30999500000,31005309000,500000
hard.flapping-broker,duty50-slow0,original,full,0,native,62000,62000,0,62000,0,31006000000,5500000,456500000,525500000,,453700585,523903001,2,62020,62000,23653,37482439,2,7500000,525000000,0,ack,0,0,0,True,30999500000,31006000000,500000
hard.flapping-broker,duty50-slow0,common,full,0,classic,62000,61980,20,61980,0,31005309000,4404000,486221000,600712000,,483010000,599510000,2,62000,61980,14328,37192933,4,9905000,600712000,0,ack,0,0,0,True,30999500000,31005309000,500000
hard.flapping-broker,duty50-slow0,common,full,0,native,62000,62000,0,62000,0,31006000000,5500000,457500000,523500000,,454604618,521816863,2,62020,62000,23650,37481198,2,7500000,522000000,0,ack,0,0,0,True,30999500000,31006000000,500000
hard.flapping-broker,duty50-slow1,original,full,0,classic,62000,61829,171,61829,0,31005309000,4404000,650712000,798212000,,648013000,797010000,2,61849,61829,13942,37038228,4,8712000,797808000,0,ack,0,0,0,True,30999500000,31005309000,500000
hard.flapping-broker,duty50-slow1,original,full,0,native,62000,62000,0,62000,0,31006000000,5500000,527000000,651000000,,523414605,649662511,2,62020,62000,23311,37443521,2,7500000,651000000,0,ack,0,0,0,True,30999500000,31006000000,500000
hard.flapping-broker,duty50-slow1,common,full,0,classic,62000,61829,171,61829,0,31005309000,4404000,650712000,798212000,,648013000,797010000,2,61849,61829,13942,37038228,4,8712000,797808000,0,ack,0,0,0,True,30999500000,31005309000,500000
hard.flapping-broker,duty50-slow1,common,full,0,native,62000,62000,0,62000,0,31006000000,6000000,535000000,671500000,,532767763,669935270,2,62020,62000,23280,37439282,2,7500000,671500000,3,ack,0,0,0,True,30999500000,31006000000,500000
hard.flapping-broker,duty10-slow0,original,full,0,classic,62000,61980,20,61980,0,31005309000,4404000,97212000,170212000,,94516000,169010000,2,62000,61980,15176,37337762,4,9905000,169808000,0,ack,0,0,0,True,30999500000,31005309000,500000
hard.flapping-broker,duty10-slow0,original,full,0,native,62000,62000,0,62000,0,31006000000,5500000,59500000,126500000,,55871223,121135797,2,62020,62000,25623,37709277,2,7500000,126000000,0,ack,0,0,0,True,30999500000,31006000000,500000
hard.flapping-broker,duty10-slow0,common,full,0,classic,62000,61980,20,61980,0,31005309000,4404000,97212000,170212000,,94516000,169010000,2,62000,61980,15176,37337762,4,9905000,169808000,0,ack,0,0,0,True,30999500000,31005309000,500000
hard.flapping-broker,duty10-slow0,common,full,0,native,62000,62000,0,62000,0,31006000000,5500000,58000000,123000000,,54066998,120450084,2,62020,62000,25609,37708075,2,7500000,122500000,0,ack,0,0,0,True,30999500000,31006000000,500000
hard.flapping-broker,duty10-slow1,original,full,0,classic,62000,61829,171,61829,0,31005309000,4404000,182730000,336712000,,179528000,335510000,2,61849,61829,15020,37223627,4,8712000,336712000,0,ack,0,0,0,True,30999500000,31005309000,500000
hard.flapping-broker,duty10-slow1,original,full,0,native,62000,62000,0,62000,0,31006000000,5500000,91500000,202000000,,88447629,200440019,2,62020,62000,25462,37690651,2,7500000,202000000,0,ack,0,0,0,True,30999500000,31006000000,500000
hard.flapping-broker,duty10-slow1,common,full,0,classic,62000,61829,171,61829,0,31005309000,4404000,182730000,336712000,,179528000,335510000,2,61849,61829,15020,37223627,4,8712000,336712000,0,ack,0,0,0,True,30999500000,31005309000,500000
hard.flapping-broker,duty10-slow1,common,full,0,native,62000,62000,0,62000,0,31006000000,5500000,97500000,200500000,,94339301,199247817,2,62020,62000,25417,37685857,2,7500000,199000000,0,ack,0,0,0,True,30999500000,31006000000,500000
hard.close-during-outage,deadline2s,original,full,0,classic,26053,26053,0,26021,32,14000387000,12010000,16011000,20621000,4013319000,11809000,16419000,1,26024,26024,7852,15879199,3,1999910000,4001311000,0,failure,0,0,0,True,11996072000,14000386000,31000000
hard.close-during-outage,deadline2s,original,full,0,native,22069,22069,0,22037,32,14000000000,16000000,28000000,35000000,4009000000,23268000,30088000,1,22039,22039,14552,14045363,1,1987000000,4001000000,0,failure,0,0,0,True,11997000000,14000000000,23000000
hard.close-during-outage,deadline2s,common,full,0,classic,26053,26053,0,26021,32,14000387000,12010000,16011000,20621000,4013319000,11809000,16419000,1,26024,26024,7852,15879199,3,1999910000,4001311000,0,failure,0,0,0,True,11996072000,14000386000,31000000
hard.close-during-outage,deadline2s,common,full,0,native,21084,21084,0,21052,32,14000000000,16000000,20000000,37000000,4017000000,15696007,32226012,1,21054,21054,8013,13022797,2,1984000000,4001000000,0,failure,0,0,0,True,11999000000,14000000000,23000000
hard.close-during-outage,deadline15s,original,full,0,classic,26053,26053,0,26053,0,20046526000,12010000,16012000,10043046000,,11810000,10038844000,2,26056,26053,7857,15902164,3,8029637000,10031038000,0,ack,0,0,0,True,11996072000,20046526000,31000000
hard.close-during-outage,deadline15s,original,full,0,native,22069,22069,0,22069,0,20026000000,16000000,28000000,10023000000,,23338000,10018537187,2,22071,22069,14559,14066775,1,8001000000,10015000000,0,ack,0,0,0,True,11997000000,20026000000,23000000
hard.close-during-outage,deadline15s,common,full,0,classic,26053,26053,0,26053,0,20046526000,12010000,16012000,10043046000,,11810000,10038844000,2,26056,26053,7857,15902164,3,8029637000,10031038000,0,ack,0,0,0,True,11996072000,20046526000,31000000
hard.close-during-outage,deadline15s,common,full,0,native,21084,21084,0,21084,0,20032000000,16000000,20000000,10037000000,,15738012,10032533822,2,21086,21084,8017,13044016,2,8004000000,10021000000,0,ack,0,0,0,True,11999000000,20032000000,23000000
soft.slow-broker-window,lanes1-i1,original,full,0,classic,63181,63181,0,63181,0,22005919000,7404000,154404000,622020000,,22818000,467818000,1,63181,63181,7633,36742733,8,27020000,304403000,3,ack,0,0,0,True,21996514000,22005919000,144725000
soft.slow-broker-window,lanes1-i1,original,full,0,native,48894,48894,0,48894,0,22011000000,10000000,293000000,309000000,,139236000,154591000,1,48894,48894,9537,28568193,5,23000000,309000000,0,ack,0,0,0,True,21999000000,22011000000,155000000
soft.slow-broker-window,lanes1-i1,common,full,0,classic,63181,63181,0,63181,0,22005919000,7404000,154404000,622020000,,22818000,467818000,1,63181,63181,7633,36742733,8,27020000,304403000,3,ack,0,0,0,True,21996514000,22005919000,144725000
soft.slow-broker-window,lanes1-i1,common,full,0,native,48898,48898,0,48898,0,22011000000,10000000,293000000,309000000,,139210080,154594074,1,48898,48898,9526,28568571,5,23000000,309000000,0,ack,0,0,0,True,21999000000,22011000000,155000000
soft.slow-broker-window,lanes1-i5,original,full,0,classic,59306,59306,0,59306,0,22007537000,8005000,12409000,2151082000,,8207000,1969269000,3,59406,59306,7436,34737099,8,18619000,1261594000,0,ack,0,0,0,True,21998729000,22007537000,382571000
soft.slow-broker-window,lanes1-i5,original,full,0,native,35781,35781,0,35781,0,22009000000,10000000,27000000,6876000000,,22380000,6721788189,3,35862,35781,9180,21484280,4,23000000,1599000000,0,ack,0,0,0,True,21999000000,22009000000,467000000
soft.slow-broker-window,lanes1-i5,common,full,0,classic,59306,59306,0,59306,0,22007537000,8005000,12409000,2151082000,,8207000,1969269000,3,59406,59306,7436,34737099,8,18619000,1261594000,0,ack,0,0,0,True,21998729000,22007537000,382571000
soft.slow-broker-window,lanes1-i5,common,full,0,native,35063,35063,0,35063,0,22019000000,11000000,27000000,3035000000,,22346001,2838348549,2,35204,35063,9522,21230219,3,23000000,953000000,0,ack,0,0,0,True,21999000000,22019000000,371000000
soft.slow-broker-window,lanes4-i1,original,full,0,classic,63181,63181,0,63181,0,22005919000,7404000,154404000,622020000,,22818000,467818000,1,63181,63181,7633,36742733,8,27020000,304403000,3,ack,0,0,0,True,21996514000,22005919000,144725000
soft.slow-broker-window,lanes4-i1,original,full,0,native,46881,46881,0,46881,0,22005000000,10000000,294000000,309000000,,139070000,154608000,1,46881,46881,15061,27996450,3,23000000,160000000,3,ack,0,0,0,True,21995000000,22005000000,79000000
soft.slow-broker-window,lanes4-i1,common,full,0,classic,63181,63181,0,63181,0,22005919000,7404000,154404000,622020000,,22818000,467818000,1,63181,63181,7633,36742733,8,27020000,304403000,3,ack,0,0,0,True,21996514000,22005919000,144725000
soft.slow-broker-window,lanes4-i1,common,full,0,native,48898,48898,0,48898,0,22011000000,10000000,293000000,309000000,,139210080,154594074,1,48898,48898,9526,28568571,5,23000000,309000000,0,ack,0,0,0,True,21999000000,22011000000,155000000
soft.slow-broker-window,lanes4-i5,original,full,0,classic,59306,59306,0,59306,0,22007537000,8005000,12409000,2151082000,,8207000,1969269000,3,59406,59306,7436,34737099,8,18619000,1261594000,0,ack,0,0,0,True,21998729000,22007537000,382571000
soft.slow-broker-window,lanes4-i5,original,full,0,native,43163,43163,0,43163,0,22005000000,10000000,10000000,3458000000,,5203000,3160202317,2,43294,43163,13957,26174320,3,23000000,402000000,3,ack,0,0,0,True,21995000000,22005000000,320000000
soft.slow-broker-window,lanes4-i5,common,full,0,classic,59306,59306,0,59306,0,22007537000,8005000,12409000,2151082000,,8207000,1969269000,3,59406,59306,7436,34737099,8,18619000,1261594000,0,ack,0,0,0,True,21998729000,22007537000,382571000
soft.slow-broker-window,lanes4-i5,common,full,0,native,35063,35063,0,35063,0,22019000000,11000000,27000000,3035000000,,22346001,2838348549,2,35204,35063,9522,21230219,3,23000000,953000000,0,ack,0,0,0,True,21999000000,22019000000,371000000
soft.degrading-broker-ramp,request200ms,original,full,0,classic,58424,58424,0,58424,0,47005120885,9244584,304254189,21100326871,,188294449,20681375926,50,59031,58424,9489,34923090,5,18619000,20341194000,3,ack,0,0,0,True,46997114885,47005120885,20204904000
soft.degrading-broker-ramp,request200ms,original,full,0,native,46031,46031,0,46031,0,47005000000,10000000,231000000,23506000000,,166533281,23375206564,60,46549,46031,14807,28302950,3,23000000,20711000000,3,ack,0,0,0,True,46995000000,47005000000,20533000000
soft.degrading-broker-ramp,request200ms,common,full,0,classic,58424,58424,0,58424,0,47005120885,9244584,304254189,21100326871,,188294449,20681375926,50,59031,58424,9489,34923090,5,18619000,20341194000,3,ack,0,0,0,True,46997114885,47005120885,20204904000
soft.degrading-broker-ramp,request200ms,common,full,0,native,41858,41858,0,41858,0,47017000000,10000000,175000000,28721000000,,123474550,28159792209,60,42194,41858,10562,25206390,4,23000000,20862000000,0,ack,0,0,0,True,46999000000,47017000000,20248000000
soft.degrading-broker-ramp,request1000ms,original,full,0,classic,62387,62387,0,62387,0,47005741061,9404000,678323591,2455855468,,483634591,2188592735,2,62414,62387,9812,36639260,5,18619000,1029553114,3,ack,0,0,0,True,46996934061,47005741061,619238222
soft.degrading-broker-ramp,request1000ms,original,full,0,native,49938,49938,0,49938,0,47006000000,10000000,764000000,3169000000,,550970155,2780953033,2,49991,49938,16741,30008962,3,23000000,708000000,3,ack,0,0,0,True,46996000000,47006000000,621000000
soft.degrading-broker-ramp,request1000ms,common,full,0,classic,62387,62387,0,62387,0,47005741061,9404000,678323591,2455855468,,483634591,2188592735,2,62414,62387,9812,36639260,5,18619000,1029553114,3,ack,0,0,0,True,46996934061,47005741061,619238222
soft.degrading-broker-ramp,request1000ms,common,full,0,native,47478,47478,0,47478,0,47008000000,10000000,812000000,2123000000,,599038602,1755158746,2,47528,47478,11588,28245126,4,23000000,701000000,0,ack,0,0,0,True,46998000000,47008000000,661000000
soft.blackhole-vs-failfast,blackhole-request200ms,original,full,0,classic,55420,55420,0,55420,0,15008182000,7604000,11409000,3051766000,,7207000,3047564000,1,55420,55420,6360,32201183,9,18619000,3047763000,0,ack,0,0,0,True,14998374000,15008182000,2922499000
soft.blackhole-vs-failfast,blackhole-request200ms,original,full,0,native,40071,40071,0,40071,0,15009000000,10000000,10000000,3021000000,,5203000,3016406471,1,40071,40071,12987,23951663,3,23000000,3021000000,3,ack,0,0,0,True,14999000000,15009000000,2941000000
soft.blackhole-vs-failfast,blackhole-request200ms,common,full,0,classic,55420,55420,0,55420,0,15008182000,7604000,11409000,3051766000,,7207000,3047564000,1,55420,55420,6360,32201183,9,18619000,3047763000,0,ack,0,0,0,True,14998374000,15008182000,2922499000
soft.blackhole-vs-failfast,blackhole-request200ms,common,full,0,native,34553,34553,0,34553,0,15012000000,12000000,20000000,3028000000,,15298001,3023785392,1,34553,34553,8591,20433063,4,23000000,3026000000,0,ack,0,0,0,True,14999000000,15012000000,2920000000
soft.blackhole-vs-failfast,blackhole-request1000ms,original,full,0,classic,55690,55690,0,55690,0,15008070000,7407000,11408000,3016626000,,7206000,3012424000,1,55690,55690,6382,32356563,9,18619000,3012623000,0,ack,0,0,0,True,14998262000,15008070000,2887359000
soft.blackhole-vs-failfast,blackhole-request1000ms,original,full,0,native,40103,40103,0,40103,0,15009000000,10000000,10000000,3011000000,,5203000,3006406000,1,40103,40103,12997,23969443,3,23000000,3011000000,3,ack,0,0,0,True,14999000000,15009000000,2931000000
soft.blackhole-vs-failfast,blackhole-request1000ms,common,full,0,classic,55690,55690,0,55690,0,15008070000,7407000,11408000,3016626000,,7206000,3012424000,1,55690,55690,6382,32356563,9,18619000,3012623000,0,ack,0,0,0,True,14998262000,15008070000,2887359000
soft.blackhole-vs-failfast,blackhole-request1000ms,common,full,0,native,34440,34440,0,34440,0,15017000000,12000000,20000000,3011000000,,15328001,3006406000,1,34440,34440,8617,20369703,4,23000000,3009000000,0,ack,0,0,0,True,14999000000,15017000000,2903000000
soft.blackhole-vs-failfast,failfast-request200ms,original,full,0,classic,55596,55596,0,55596,0,15007218000,7406000,11408000,3050789000,,7206000,3045186000,2,55606,55596,6359,32292504,9,18619000,3050789000,3,ack,0,0,0,True,14997410000,15007218000,2978545000
soft.blackhole-vs-failfast,failfast-request200ms,original,full,0,native,40044,40044,0,40044,0,15005000000,10000000,10000000,3023000000,,5203000,3017558425,2,40045,40044,12945,23920050,3,23000000,3018000000,0,ack,0,0,0,True,14995000000,15005000000,2938000000
soft.blackhole-vs-failfast,failfast-request200ms,common,full,0,classic,55596,55596,0,55596,0,15007218000,7406000,11408000,3050789000,,7206000,3045186000,2,55606,55596,6359,32292504,9,18619000,3050789000,3,ack,0,0,0,True,14997410000,15007218000,2978545000
soft.blackhole-vs-failfast,failfast-request200ms,common,full,0,native,35474,35474,0,35474,0,15008000000,10000000,20000000,3030000000,,15277012,3022802940,2,35475,35474,8363,20941604,4,23000000,3026000000,0,ack,0,0,0,True,14998000000,15008000000,2908000000
soft.blackhole-vs-failfast,failfast-request1000ms,original,full,0,classic,55596,55596,0,55596,0,15007218000,7406000,11408000,3050789000,,7206000,3045186000,2,55606,55596,6359,32292504,9,18619000,3050789000,3,ack,0,0,0,True,14997410000,15007218000,2978545000
soft.blackhole-vs-failfast,failfast-request1000ms,original,full,0,native,40044,40044,0,40044,0,15005000000,10000000,10000000,3023000000,,5203000,3017558425,2,40045,40044,12945,23920050,3,23000000,3018000000,0,ack,0,0,0,True,14995000000,15005000000,2938000000
soft.blackhole-vs-failfast,failfast-request1000ms,common,full,0,classic,55596,55596,0,55596,0,15007218000,7406000,11408000,3050789000,,7206000,3045186000,2,55606,55596,6359,32292504,9,18619000,3050789000,3,ack,0,0,0,True,14997410000,15007218000,2978545000
soft.blackhole-vs-failfast,failfast-request1000ms,common,full,0,native,35474,35474,0,35474,0,15008000000,10000000,20000000,3030000000,,15277012,3022802940,2,35475,35474,8363,20941604,4,23000000,3026000000,0,ack,0,0,0,True,14998000000,15008000000,2908000000
soft.one-way-loss-responses,outage300ms-i1,original,full,0,classic,69762,69762,0,69762,0,12308227000,4404000,13211000,321022000,,9009000,316820000,2,69768,69762,8106,40582443,8,27020000,312558000,0,ack,0,0,0,True,12299545000,12308227000,277325000
soft.one-way-loss-responses,outage300ms-i1,original,full,0,native,40699,40699,0,40699,0,12313000000,9000000,22000000,313000000,,17124000,308608000,2,40703,40699,15991,24646100,2,23000000,307000000,3,ack,0,0,0,True,12299000000,12313000000,116000000
soft.one-way-loss-responses,outage300ms-i1,common,full,0,classic,69762,69762,0,69762,0,12308227000,4404000,13211000,321022000,,9009000,316820000,2,69768,69762,8106,40582443,8,27020000,312558000,0,ack,0,0,0,True,12299545000,12308227000,277325000
soft.one-way-loss-responses,outage300ms-i1,common,full,0,native,44002,44002,0,44002,0,12314000000,9000000,18000000,312000000,,13170012,306608000,2,44007,44002,8250,26044331,5,23000000,307000000,0,ack,0,0,0,True,12298000000,12314000000,175000000
soft.one-way-loss-responses,outage300ms-i5,original,full,0,classic,19265,19265,0,19265,0,12320443000,20015000,24017000,332630000,,19815000,328428000,2,19275,19265,8980,12173008,2,16618000,309735000,0,ack,0,0,0,True,12299103000,12320443000,147208000
soft.one-way-loss-responses,outage300ms-i5,original,full,0,native,20412,20412,0,20412,0,12322000000,23000000,28000000,326000000,,23115000,321219000,2,20424,20412,15976,13308078,1,23000000,306000000,0,ack,0,0,0,True,12299000000,12322000000,157000000
soft.one-way-loss-responses,outage300ms-i5,common,full,0,classic,19265,19265,0,19265,0,12320443000,20015000,24017000,332630000,,19815000,328428000,2,19275,19265,8980,12173008,2,16618000,309735000,0,ack,0,0,0,True,12299103000,12320443000,147208000
soft.one-way-loss-responses,outage300ms-i5,common,full,0,native,17385,17385,0,17385,0,12323000000,23000000,28000000,346000000,,23641007,341237000,2,17393,17385,9111,11036908,1,23000000,314000000,3,ack,0,0,0,True,12299000000,12323000000,91000000
soft.one-way-loss-responses,outage3000ms-i1,original,full,0,classic,72095,72095,0,72095,0,15007607000,4404000,13211000,3042422000,,9009000,3038220000,2,72101,72095,8709,41965262,8,27020000,3033958000,0,ack,0,0,0,True,14999200000,15007607000,2998725000
soft.one-way-loss-responses,outage3000ms-i1,original,full,0,native,41169,41169,0,41169,0,15010000000,9000000,22000000,3017000000,,17291000,3011974883,2,41173,41169,16589,24981531,2,23000000,3010000000,3,ack,0,0,0,True,14998000000,15010000000,2816000000
soft.one-way-loss-responses,outage3000ms-i1,common,full,0,classic,72095,72095,0,72095,0,15007607000,4404000,13211000,3042422000,,9009000,3038220000,2,72101,72095,8709,41965262,8,27020000,3033958000,0,ack,0,0,0,True,14999200000,15007607000,2998725000
soft.one-way-loss-responses,outage3000ms-i1,common,full,0,native,45010,45010,0,45010,0,15010000000,9000000,18000000,3018000000,,13230007,3012846526,2,45015,45010,8861,26680986,5,23000000,3013000000,0,ack,0,0,0,True,14999000000,15010000000,2881000000
soft.one-way-loss-responses,outage3000ms-i5,original,full,0,classic,21597,21597,0,21597,0,15020898000,20015000,24017000,3047822000,,19815000,3043620000,2,21607,21597,9585,13549908,2,16618000,3024927000,0,ack,0,0,0,True,14999482000,15020898000,2862400000
soft.one-way-loss-responses,outage3000ms-i5,original,full,0,native,21092,21092,0,21092,0,15023000000,23000000,28000000,3026000000,,23037000,3021219000,2,21104,21092,16652,13770113,1,23000000,3006000000,0,ack,0,0,0,True,14999000000,15023000000,2857000000
soft.one-way-loss-responses,outage3000ms-i5,common,full,0,classic,21597,21597,0,21597,0,15020898000,20015000,24017000,3047822000,,19815000,3043620000,2,21607,21597,9585,13549908,2,16618000,3024927000,0,ack,0,0,0,True,14999482000,15020898000,2862400000
soft.one-way-loss-responses,outage3000ms-i5,common,full,0,native,18067,18067,0,18067,0,15022000000,23000000,28000000,3046000000,,23641007,3041237000,2,18075,18067,9785,11497253,1,23000000,3014000000,3,ack,0,0,0,True,14999000000,15022000000,2791000000
soft.sustained-random-loss,loss1-slow0,original,full,0,classic,6874,6874,0,6859,15,30093474000,9404000,20620000,29775602000,29999619000,5205000,29546786000,2,6916,6874,1687,4085858,4,14077404000,30011828000,3,ack,0,3,0,True,15998660000,30093474000,228617000
soft.sustained-random-loss,loss1-slow0,original,full,0,native,58371,58371,0,58371,0,17008000000,10000000,34000000,284000000,,15462632,272689124,3,58774,58371,18109,35012699,3,23000000,279000000,3,ack,0,0,0,True,16998000000,17008000000,23000000
soft.sustained-random-loss,loss1-slow0,common,full,0,classic,85121,85121,0,85121,0,17007628000,6407000,25220000,65647000,,9807000,61445000,3,85580,85121,9230,49683035,10,16618000,62044000,0,ack,0,0,0,True,16998222000,17007628000,31000000
soft.sustained-random-loss,loss1-slow0,common,full,0,native,50324,50324,0,50324,0,17008000000,12000000,29000000,73000000,,20522903,66960890,3,50570,50324,11415,29937804,4,23000000,68000000,0,ack,0,0,0,True,16998000000,17008000000,27000000
soft.sustained-random-loss,loss1-slow1,original,full,0,classic,6851,6851,0,6828,23,30151036000,9404000,13212000,29998182000,30000584000,8205000,29674154000,2,6864,6851,1686,4074371,4,14143540000,30015796000,0,ack,0,4,0,True,15994089000,30151036000,333637000
soft.sustained-random-loss,loss1-slow1,original,full,0,native,41951,41951,0,41951,0,17008000000,10000000,161000000,958000000,,131087055,776528613,4,42221,41951,13084,25163046,3,23000000,804000000,3,ack,0,0,0,True,16998000000,17008000000,361000000
soft.sustained-random-loss,loss1-slow1,common,full,0,classic,65985,65985,0,65985,0,17008807000,6806000,113670000,323762000,,97251000,317760000,3,66331,65985,7573,38561504,9,13212000,320159000,0,ack,0,0,0,True,16999400000,17008807000,234913000
soft.sustained-random-loss,loss1-slow1,common,full,0,native,36355,36355,0,36355,0,17015000000,10000000,174000000,545000000,,161454822,539249346,3,36503,36355,8503,21649160,4,23000000,544000000,0,ack,0,0,0,True,16999000000,17015000000,229000000
soft.sustained-random-loss,loss5-slow0,original,full,0,classic,6874,6874,0,6859,15,30093474000,9404000,20620000,29775602000,29999619000,5205000,29546786000,2,6916,6874,1687,4085858,4,14077404000,30011828000,3,ack,0,3,0,True,15998660000,30093474000,228617000
soft.sustained-random-loss,loss5-slow0,original,full,0,native,42960,42960,0,42960,0,17006000000,10000000,186000000,377000000,,51324008,329417303,4,44363,42960,14107,26490543,3,23000000,330000000,0,ack,0,0,0,True,16996000000,17006000000,193000000
soft.sustained-random-loss,loss5-slow0,common,full,0,classic,71767,71767,0,71767,0,17008031000,7404000,41630000,131485000,,28226000,127283000,3,73372,71767,8279,42991146,9,16618000,84452000,0,ack,0,0,0,True,16998428000,17008031000,31000000
soft.sustained-random-loss,loss5-slow0,common,full,0,native,44356,44356,0,44356,0,17012000000,12000000,61000000,254000000,,38693961,243588273,3,45372,44356,10478,27326323,4,23000000,167000000,3,ack,0,0,0,True,16999000000,17012000000,27000000
soft.sustained-random-loss,loss5-slow1,original,full,0,classic,6851,6851,0,6828,23,30151036000,9404000,13212000,29998182000,30000584000,8205000,29674154000,2,6864,6851,1686,4074371,4,14143540000,30015796000,0,ack,0,4,0,True,15994089000,30151036000,333637000
soft.sustained-random-loss,loss5-slow1,original,full,0,native,25391,25391,0,25391,0,17009000000,10000000,389000000,1063000000,,185589742,980530344,3,26057,25391,8621,15600532,3,23000000,656000000,0,ack,0,0,0,True,16999000000,17009000000,390000000
soft.sustained-random-loss,loss5-slow1,common,full,0,classic,36527,36527,0,36527,0,17006677000,8208000,254127000,771579000,,173887000,737163000,3,37234,36527,5138,21948525,7,14407000,561670000,0,ack,0,0,0,True,16997871000,17006677000,259324000
soft.sustained-random-loss,loss5-slow1,common,full,0,native,21108,21108,0,21108,0,17008000000,10000000,417000000,3292000000,,237488072,3277709210,3,21551,21108,5006,12879145,4,23000000,1691000000,0,ack,0,0,0,True,16996000000,17008000000,1185000000
soft.throttle-window,i1,original,full,0,classic,58948,58948,0,58948,0,17008533000,6406000,11809000,2467102000,,7607000,2462900000,1,58948,58948,6628,34213437,9,27020000,505225000,0,ack,0,0,0,True,16998723000,17008533000,448398000
soft.throttle-window,i1,original,full,0,native,41839,41839,0,41839,0,17007000000,10000000,10000000,509000000,,5203000,504608000,1,41839,41839,13153,24948976,3,23000000,509000000,3,ack,0,0,0,True,16997000000,17007000000,429000000
soft.throttle-window,i1,common,full,0,classic,58948,58948,0,58948,0,17008533000,6406000,11809000,2467102000,,7607000,2462900000,1,58948,58948,6628,34213437,9,27020000,505225000,0,ack,0,0,0,True,16998723000,17008533000,448398000
soft.throttle-window,i1,common,full,0,native,44163,44163,0,44163,0,17011000000,9000000,14000000,509000000,,9606001,504010016,1,44163,44163,8361,25762439,5,23000000,509000000,0,ack,0,0,0,True,16998000000,17011000000,429000000
soft.throttle-window,i5,original,full,0,classic,56565,56565,0,56565,0,17008267000,7806000,12409000,516836000,,8207000,512634000,1,56565,56565,6679,32873947,9,18619000,512833000,3,ack,0,0,0,True,16997659000,17008267000,445996000
soft.throttle-window,i5,original,full,0,native,41839,41839,0,41839,0,17007000000,10000000,10000000,509000000,,5203000,504608000,1,41839,41839,13652,25007858,3,23000000,509000000,3,ack,0,0,0,True,16997000000,17007000000,429000000
soft.throttle-window,i5,common,full,0,classic,56565,56565,0,56565,0,17008267000,7806000,12409000,516836000,,8207000,512634000,1,56565,56565,6679,32873947,9,18619000,512833000,3,ack,0,0,0,True,16997659000,17008267000,445996000
soft.throttle-window,i5,common,full,0,native,35239,35239,0,35239,0,17007000000,10000000,28000000,508000000,,23541001,503618002,1,35239,35239,8813,20901451,4,23000000,508000000,3,ack,0,0,0,True,16997000000,17007000000,423000000
soft.retriable-error-storm,error19-slow0,original,full,0,classic,54522,54522,0,54522,0,14006732000,7806000,11409000,2093798000,,7207000,2049968000,25,54774,54522,6275,31812439,9,18619000,2093798000,3,ack,0,0,0,True,13997925000,14006732000,1997728000
soft.retriable-error-storm,error19-slow0,original,full,0,native,39632,39632,0,39632,0,14005000000,10000000,10000000,2034000000,,5203000,2007490173,17,39929,39632,12856,23910988,3,23000000,2029000000,0,ack,0,0,0,True,13995000000,14005000000,1923000000
soft.retriable-error-storm,error19-slow0,common,full,0,classic,54522,54522,0,54522,0,14006732000,7806000,11409000,2093798000,,7207000,2049968000,25,54774,54522,6275,31812439,9,18619000,2093798000,3,ack,0,0,0,True,13997925000,14006732000,1997728000
soft.retriable-error-storm,error19-slow0,common,full,0,native,33854,33854,0,33854,0,14017000000,12000000,20000000,2126000000,,15319001,2095062290,16,34109,33854,8467,20232429,4,23000000,2122000000,3,ack,0,0,0,True,13997000000,14017000000,2004000000
soft.retriable-error-storm,error19-slow1,original,full,0,classic,54232,54232,0,54232,0,14007307000,7407000,11408000,2200253000,,7206000,2120738000,6,54289,54232,6175,31528745,9,13212000,2200253000,3,ack,0,0,0,True,13999105000,14007307000,2065104000
soft.retriable-error-storm,error19-slow1,original,full,0,native,35463,35463,0,35463,0,14006000000,10000000,10000000,3410000000,,5203000,975573059,6,35574,35463,11673,21270202,3,402000000,3410000000,3,ack,0,0,0,True,13996000000,14006000000,2349000000
soft.retriable-error-storm,error19-slow1,common,full,0,classic,54232,54232,0,54232,0,14007307000,7407000,11408000,2200253000,,7206000,2120738000,6,54289,54232,6175,31528745,9,13212000,2200253000,3,ack,0,0,0,True,13999105000,14007307000,2065104000
soft.retriable-error-storm,error19-slow1,common,full,0,native,33727,33727,0,33727,0,14017000000,11000000,20000000,2336000000,,15301001,175926404,5,33826,33727,8272,19983888,4,23000000,2332000000,3,ack,0,0,0,True,13998000000,14017000000,2214000000
soft.retriable-error-storm,error7-slow0,original,full,0,classic,54522,54522,0,54522,0,14006732000,7806000,11409000,2093798000,,7207000,2049968000,25,54774,54522,6275,31812439,9,18619000,2093798000,3,ack,0,0,0,True,13997925000,14006732000,1997728000
soft.retriable-error-storm,error7-slow0,original,full,0,native,39632,39632,0,39632,0,14005000000,10000000,10000000,2034000000,,5203000,2007490173,17,39929,39632,12856,23910988,3,23000000,2029000000,0,ack,0,0,0,True,13995000000,14005000000,1923000000
soft.retriable-error-storm,error7-slow0,common,full,0,classic,54522,54522,0,54522,0,14006732000,7806000,11409000,2093798000,,7207000,2049968000,25,54774,54522,6275,31812439,9,18619000,2093798000,3,ack,0,0,0,True,13997925000,14006732000,1997728000
soft.retriable-error-storm,error7-slow0,common,full,0,native,33854,33854,0,33854,0,14017000000,12000000,20000000,2126000000,,15319001,2095062290,16,34109,33854,8467,20232429,4,23000000,2122000000,3,ack,0,0,0,True,13997000000,14017000000,2004000000
soft.retriable-error-storm,error7-slow1,original,full,0,classic,54232,54232,0,54232,0,14007307000,7407000,11408000,2200253000,,7206000,2120738000,6,54289,54232,6175,31528745,9,13212000,2200253000,3,ack,0,0,0,True,13999105000,14007307000,2065104000
soft.retriable-error-storm,error7-slow1,original,full,0,native,35463,35463,0,35463,0,14006000000,10000000,10000000,3410000000,,5203000,975573059,6,35574,35463,11673,21270202,3,402000000,3410000000,3,ack,0,0,0,True,13996000000,14006000000,2349000000
soft.retriable-error-storm,error7-slow1,common,full,0,classic,54232,54232,0,54232,0,14007307000,7407000,11408000,2200253000,,7206000,2120738000,6,54289,54232,6175,31528745,9,13212000,2200253000,3,ack,0,0,0,True,13999105000,14007307000,2065104000
soft.retriable-error-storm,error7-slow1,common,full,0,native,33727,33727,0,33727,0,14017000000,11000000,20000000,2336000000,,15301001,175926404,5,33826,33727,8272,19983888,4,23000000,2332000000,3,ack,0,0,0,True,13998000000,14017000000,2214000000
soft.retriable-error-storm,error6-slow0,original,full,0,classic,69026,69026,0,69026,0,14008779000,5808000,10608000,24623000,,6406000,20421000,2,69036,69026,6610,39990272,10,18619000,21817000,3,ack,0,0,0,True,13999971000,14008779000,31000000
soft.retriable-error-storm,error6-slow0,original,full,0,native,44895,44895,0,44895,0,14013000000,10000000,19000000,29000000,,14275000,19143804,2,44900,44895,13489,26714740,3,23000000,29000000,3,ack,0,0,0,True,13997000000,14013000000,23000000
soft.retriable-error-storm,error6-slow0,common,full,0,classic,69026,69026,0,69026,0,14008779000,5808000,10608000,24623000,,6406000,20421000,2,69036,69026,6610,39990272,10,18619000,21817000,3,ack,0,0,0,True,13999971000,14008779000,31000000
soft.retriable-error-storm,error6-slow0,common,full,0,native,36569,36569,0,36569,0,14026000000,12000000,24000000,48000000,,19688001,43045001,2,36572,36569,8630,21601178,4,23000000,38000000,3,ack,0,0,0,True,13998000000,14026000000,23000000
soft.retriable-error-storm,error6-slow1,original,full,0,classic,68020,68020,0,68020,0,14007504000,6006000,10809000,96119000,,6605000,87112000,2,68027,68020,6565,39417207,10,13212000,92117000,0,ack,0,0,0,True,13998696000,14007504000,90000000
soft.retriable-error-storm,error6-slow1,original,full,0,native,45095,45095,0,45095,0,14006000000,10000000,16000000,176000000,,11653000,170209000,2,45100,45095,13581,26887216,3,23000000,171000000,0,ack,0,0,0,True,13996000000,14006000000,69000000
soft.retriable-error-storm,error6-slow1,common,full,0,classic,68020,68020,0,68020,0,14007504000,6006000,10809000,96119000,,6605000,87112000,2,68027,68020,6565,39417207,10,13212000,92117000,0,ack,0,0,0,True,13998696000,14007504000,90000000
soft.retriable-error-storm,error6-slow1,common,full,0,native,36434,36434,0,36434,0,14017000000,12000000,24000000,184000000,,19636404,171522404,2,36437,36434,8593,21519647,4,23000000,180000000,3,ack,0,0,0,True,13999000000,14017000000,62000000
soft.disconnect-storm,i1,original,full,0,classic,88441,88441,0,88441,0,17008632000,4404000,33428000,127717000,,22818000,114707000,4,89431,88441,10724,52086658,8,27020000,108101000,0,ack,0,0,0,True,16999823000,17008632000,59254000
soft.disconnect-storm,i1,original,full,0,native,49483,49483,0,49483,0,17009000000,9000000,65000000,418000000,,53626146,413493691,6,49947,49483,20608,30369683,2,23000000,414000000,3,ack,0,0,0,True,16997000000,17009000000,66000000
soft.disconnect-storm,i1,common,full,0,classic,88441,88441,0,88441,0,17008632000,4404000,33428000,127717000,,22818000,114707000,4,89431,88441,10724,52086658,8,27020000,108101000,0,ack,0,0,0,True,16999823000,17008632000,59254000
soft.disconnect-storm,i1,common,full,0,native,51641,51641,0,51641,0,17010000000,9000000,79000000,269000000,,63601132,262579074,4,52086,51641,10900,30987376,4,23000000,160000000,0,ack,0,0,0,True,16998000000,17010000000,52000000
soft.disconnect-storm,i5,original,full,0,classic,25901,25901,0,25901,0,17020961000,20015000,92474000,275212000,,74453000,265410000,4,26291,25901,11870,16867317,2,16618000,239185000,0,ack,0,0,0,True,16999350000,17020961000,31000000
soft.disconnect-storm,i5,original,full,0,native,25184,25184,0,25184,0,17022000000,22000000,129000000,689000000,,106705173,684067574,6,25439,25184,20020,17110103,1,23000000,601000000,0,ack,0,0,0,True,16999000000,17022000000,467000000
soft.disconnect-storm,i5,common,full,0,classic,25901,25901,0,25901,0,17020961000,20015000,92474000,275212000,,74453000,265410000,4,26291,25901,11870,16867317,2,16618000,239185000,0,ack,0,0,0,True,16999350000,17020961000,31000000
soft.disconnect-storm,i5,common,full,0,native,20991,20991,0,20991,0,17023000000,24000000,149000000,822000000,,137517392,817199290,4,21173,20991,11556,13838467,1,23000000,462000000,0,ack,0,0,0,True,16999000000,17023000000,404000000
soft.slow-setup,request200ms,original,full,0,classic,55671,55671,0,55671,0,17005634000,7610000,11409000,5173531000,,7207000,5167928000,2,55681,55671,6512,32351132,9,18619000,5173531000,3,ack,0,0,0,True,16996828000,17005634000,5101293000
soft.slow-setup,request200ms,original,full,0,native,40427,40427,0,40427,0,17005000000,10000000,10000000,5148000000,,5203000,5141954959,2,40428,40427,13024,24144250,3,23000000,5143000000,0,ack,0,0,0,True,16995000000,17005000000,5063000000
soft.slow-setup,request200ms,common,full,0,classic,55671,55671,0,55671,0,17005634000,7610000,11409000,5173531000,,7207000,5167928000,2,55681,55671,6512,32351132,9,18619000,5173531000,3,ack,0,0,0,True,16996828000,17005634000,5101293000
soft.slow-setup,request200ms,common,full,0,native,35787,35787,0,35787,0,17005000000,10000000,20000000,5182000000,,15277001,5175591086,2,35788,35787,8493,21129042,4,23000000,5178000000,0,ack,0,0,0,True,16995000000,17005000000,5060000000
soft.slow-setup,request2000ms,original,full,0,classic,71889,71889,0,71889,0,17006138000,7208000,11409000,1852835000,,7207000,1847232000,2,71899,71889,8071,41741279,9,18619000,1852835000,3,ack,0,0,0,True,16997732000,17006138000,1780597000
soft.slow-setup,request2000ms,original,full,0,native,51020,51020,0,51020,0,17006000000,10000000,10000000,1844000000,,5203000,1838216891,2,51021,51020,16325,30456601,3,23000000,1839000000,0,ack,0,0,0,True,16996000000,17006000000,1759000000
soft.slow-setup,request2000ms,common,full,0,classic,71889,71889,0,71889,0,17006138000,7208000,11409000,1852835000,,7207000,1847232000,2,71899,71889,8071,41741279,9,18619000,1852835000,3,ack,0,0,0,True,16997732000,17006138000,1780597000
soft.slow-setup,request2000ms,common,full,0,native,46450,46450,0,46450,0,17009000000,10000000,20000000,1851000000,,15253023,1844384752,2,46451,46450,9994,27348729,4,23000000,1847000000,0,ack,0,0,0,True,16999000000,17009000000,1729000000
soft.high-jitter,jitter0ms-i1,original,full,0,classic,4096,4096,0,4096,0,1336010000,10000000,20999000,35001000,,16999000,31001000,1,4096,4096,499,2388003,8,28001000,34003000,0,ack,0,0,0,True,1323007000,1336010000,28001000
soft.high-jitter,jitter0ms-i1,original,full,0,native,4096,4096,0,4096,0,1622000000,13000000,15000000,36000000,,10013000,31002000,1,4096,4096,1192,2431362,3,36000000,36000000,0,ack,0,0,0,True,1608000000,1622000000,36000000
soft.high-jitter,jitter0ms-i1,common,full,0,classic,4096,4096,0,4096,0,1336010000,10000000,20999000,35001000,,16999000,31001000,1,4096,4096,499,2388003,8,28001000,34003000,0,ack,0,0,0,True,1323007000,1336010000,28001000
soft.high-jitter,jitter0ms-i1,common,full,0,native,4096,4096,0,4096,0,1647000000,14000000,16000000,43000000,,11000021,38000001,1,4096,4096,691,2408031,5,36000000,43000000,2,ack,0,0,0,True,1633000000,1647000000,36000000
soft.high-jitter,jitter0ms-i5,original,full,0,classic,4096,4096,0,4096,0,1573115000,12001000,14001000,32002000,,10001000,28002000,1,4096,4096,763,2431921,5,26001000,28002000,1,ack,0,0,0,True,1561114000,1573115000,26001000
soft.high-jitter,jitter0ms-i5,original,full,0,native,4096,4096,0,4096,0,1687000000,13000000,13000000,36000000,,8001000,31002000,1,4096,4096,1334,2448118,3,36000000,36000000,0,ack,0,0,0,True,1674000000,1687000000,36000000
soft.high-jitter,jitter0ms-i5,common,full,0,classic,4096,4096,0,4096,0,1573115000,12001000,14001000,32002000,,10001000,28002000,1,4096,4096,763,2431921,5,26001000,28002000,1,ack,0,0,0,True,1561114000,1573115000,26001000
soft.high-jitter,jitter0ms-i5,common,full,0,native,4096,4096,0,4096,0,1687000000,13000000,14000000,40000000,,9000001,35000001,1,4096,4096,769,2415467,4,36000000,40000000,2,ack,0,0,0,True,1674000000,1687000000,36000000
soft.high-jitter,jitter5ms-i1,original,full,0,classic,4096,4096,0,4096,0,3163800335,22428950,55859235,83673992,,47213957,77165388,1,4096,4096,507,2389733,8,65429766,82872137,2,ack,0,0,0,True,3129011328,3163800335,65429766
soft.high-jitter,jitter5ms-i1,original,full,0,native,4096,4096,0,4096,0,3529000000,27000000,43000000,89000000,,32244897,78868975,1,4096,4096,1180,2430576,3,79000000,89000000,2,ack,0,0,0,True,3494000000,3529000000,79000000
soft.high-jitter,jitter5ms-i1,common,full,0,classic,4096,4096,0,4096,0,3163800335,22428950,55859235,83673992,,47213957,77165388,1,4096,4096,507,2389733,8,65429766,82872137,2,ack,0,0,0,True,3129011328,3163800335,65429766
soft.high-jitter,jitter5ms-i1,common,full,0,native,4096,4096,0,4096,0,3750000000,29000000,44000000,85000000,,34539612,73975828,1,4096,4096,652,2403401,6,81000000,85000000,1,ack,0,0,0,True,3707000000,3750000000,81000000
soft.high-jitter,jitter5ms-i5,original,full,0,classic,4096,4096,0,4096,0,6366062131,51023941,74011708,78894033,,63818296,69519457,1,4096,4096,1588,2554490,2,59741820,75395657,0,ack,0,0,0,True,6319041399,6366062131,59741820
soft.high-jitter,jitter5ms-i5,original,full,0,native,4096,4096,0,4096,0,5440000000,40000000,79000000,89000000,,68982984,78868975,1,4096,4096,2490,2585921,1,79000000,89000000,2,ack,0,0,0,True,5389000000,5440000000,79000000
soft.high-jitter,jitter5ms-i5,common,full,0,classic,4096,4096,0,4096,0,6366062131,51023941,74011708,78894033,,63818296,69519457,1,4096,4096,1588,2554490,2,59741820,75395657,0,ack,0,0,0,True,6319041399,6366062131,59741820
soft.high-jitter,jitter5ms-i5,common,full,0,native,4096,4096,0,4096,0,7692000000,63000000,84000000,89000000,,72907657,78721711,1,4096,4096,1966,2562567,2,81000000,85000000,1,ack,0,0,0,True,7621000000,7692000000,81000000
soft.tiny-chunk-transport,window64k-i1,original,full,0,classic,4096,4096,0,4096,0,834414000,5992000,10077000,17088000,,8073000,15084000,1,4096,4096,431,2374693,10,10077000,15074000,2,ack,0,0,0,True,830325000,834414000,14000000
soft.tiny-chunk-transport,window64k-i1,original,full,0,native,4096,4096,0,4096,0,907000000,9000000,9000000,17000000,,6065000,14056000,1,4096,4096,767,2380897,5,16000000,17000000,1,ack,0,0,0,True,902000000,907000000,16000000
soft.tiny-chunk-transport,window64k-i1,common,full,0,classic,4096,4096,0,4096,0,834414000,5992000,10077000,17088000,,8073000,15084000,1,4096,4096,431,2374693,10,10077000,15074000,2,ack,0,0,0,True,830325000,834414000,14000000
soft.tiny-chunk-transport,window64k-i1,common,full,0,native,4096,4096,0,4096,0,977000000,8000000,12000000,19000000,,9069022,16109001,1,4096,4096,766,2381183,5,16000000,19000000,2,ack,0,0,0,True,968000000,977000000,16000000
soft.tiny-chunk-transport,window64k-i5,original,full,0,classic,4096,4096,0,4096,0,840064000,5074000,10036000,15074000,,8032000,13070000,1,4096,4096,428,2374099,9,10077000,15074000,2,ack,0,0,0,True,832025000,840064000,12000000
soft.tiny-chunk-transport,window64k-i5,original,full,0,native,4096,4096,0,4096,0,907000000,9000000,9000000,17000000,,6065000,14056000,1,4096,4096,767,2380897,5,16000000,17000000,1,ack,0,0,0,True,902000000,907000000,16000000
soft.tiny-chunk-transport,window64k-i5,common,full,0,classic,4096,4096,0,4096,0,840064000,5074000,10036000,15074000,,8032000,13070000,1,4096,4096,428,2374099,9,10077000,15074000,2,ack,0,0,0,True,832025000,840064000,12000000
soft.tiny-chunk-transport,window64k-i5,common,full,0,native,4096,4096,0,4096,0,971000000,8000000,10000000,18000000,,7045001,15054001,1,4096,4096,638,2374375,5,16000000,18000000,1,ack,0,0,0,True,965000000,971000000,16000000
soft.tiny-chunk-transport,window1024k-i1,original,full,0,classic,4096,4096,0,4096,0,834414000,5992000,10077000,17088000,,8073000,15084000,1,4096,4096,431,2374693,10,10077000,15074000,2,ack,0,0,0,True,830325000,834414000,14000000
soft.tiny-chunk-transport,window1024k-i1,original,full,0,native,4096,4096,0,4096,0,907000000,9000000,9000000,17000000,,6065000,14056000,1,4096,4096,767,2380897,5,16000000,17000000,1,ack,0,0,0,True,902000000,907000000,16000000
soft.tiny-chunk-transport,window1024k-i1,common,full,0,classic,4096,4096,0,4096,0,834414000,5992000,10077000,17088000,,8073000,15084000,1,4096,4096,431,2374693,10,10077000,15074000,2,ack,0,0,0,True,830325000,834414000,14000000
soft.tiny-chunk-transport,window1024k-i1,common,full,0,native,4096,4096,0,4096,0,977000000,8000000,12000000,19000000,,9069022,16109001,1,4096,4096,766,2381183,5,16000000,19000000,2,ack,0,0,0,True,968000000,977000000,16000000
soft.tiny-chunk-transport,window1024k-i5,original,full,0,classic,4096,4096,0,4096,0,840064000,5074000,10036000,15074000,,8032000,13070000,1,4096,4096,428,2374099,9,10077000,15074000,2,ack,0,0,0,True,832025000,840064000,12000000
soft.tiny-chunk-transport,window1024k-i5,original,full,0,native,4096,4096,0,4096,0,907000000,9000000,9000000,17000000,,6065000,14056000,1,4096,4096,767,2380897,5,16000000,17000000,1,ack,0,0,0,True,902000000,907000000,16000000
soft.tiny-chunk-transport,window1024k-i5,common,full,0,classic,4096,4096,0,4096,0,840064000,5074000,10036000,15074000,,8032000,13070000,1,4096,4096,428,2374099,9,10077000,15074000,2,ack,0,0,0,True,832025000,840064000,12000000
soft.tiny-chunk-transport,window1024k-i5,common,full,0,native,4096,4096,0,4096,0,971000000,8000000,10000000,18000000,,7045001,15054001,1,4096,4096,638,2374375,5,16000000,18000000,1,ack,0,0,0,True,965000000,971000000,16000000
soft.metadata-loss-during-move,metadata20ms,original,full,0,classic,63074,63074,0,63074,0,14008062000,7806000,12408000,24623000,,8206000,20421000,2,63085,63074,6560,36654972,9,18619000,20620000,1,ack,0,0,0,True,13998055000,14008062000,31000000
soft.metadata-loss-during-move,metadata20ms,original,full,0,native,44572,44572,0,44572,0,14014000000,10000000,20000000,34000000,,15251000,28209000,2,44577,44572,13602,26567509,3,23000000,29000000,0,ack,0,0,0,True,13998000000,14014000000,23000000
soft.metadata-loss-during-move,metadata20ms,common,full,0,classic,61586,61586,0,61586,0,14002858000,7806000,20216000,64841000,,16014000,60639000,2,61597,61586,6433,35995712,9,18619000,60437000,0,ack,0,0,0,True,13997454000,14002858000,35221000
soft.metadata-loss-during-move,metadata20ms,common,full,0,native,36453,36453,0,36453,0,14017000000,12000000,24000000,76000000,,19690007,51346007,3,36468,36453,8621,21558708,4,23000000,74000000,0,ack,0,0,0,True,13997000000,14017000000,23000000
soft.metadata-loss-during-move,metadata1000ms,original,full,0,classic,68701,68701,0,68701,0,14007091000,6404000,10608000,24623000,,6406000,20421000,2,68713,68701,6567,39789764,10,18619000,20620000,1,ack,0,0,0,True,13997283000,14007091000,31000000
soft.metadata-loss-during-move,metadata1000ms,original,full,0,native,44865,44865,0,44865,0,14017000000,10000000,18000000,30000000,,13368000,23209000,2,44870,44865,13719,26720170,3,23000000,30000000,3,ack,0,0,0,True,13999000000,14017000000,23000000
soft.metadata-loss-during-move,metadata1000ms,common,full,0,classic,65644,65644,0,65644,0,14008767000,6605000,14812000,33828000,,9610000,29626000,2,65656,65644,6404,38200848,10,18619000,29424000,2,ack,0,0,0,True,13999959000,14008767000,32420000
soft.metadata-loss-during-move,metadata1000ms,common,full,0,native,36541,36541,0,36541,0,14022000000,12000000,24000000,65000000,,19706001,45965599,3,36553,36541,8632,21588303,4,23000000,63000000,0,ack,0,0,0,True,13998000000,14022000000,23000000
topology.leader-rebalance-churn,i1,original,full,0,classic,274664,274664,0,274664,0,62007641000,7406000,10809000,31424000,,6607000,27222000,2,274779,274664,49539,160691564,5,27020000,27020000,0,ack,0,0,0,True,61998833000,62007641000,27020000
topology.leader-rebalance-churn,i1,original,full,0,native,198139,198139,0,198139,0,62006000000,10000000,10000000,38000000,,5203000,32975648,2,198229,198139,65244,118538211,3,23000000,38000000,0,ack,0,0,0,True,61996000000,62006000000,23000000
topology.leader-rebalance-churn,i1,common,full,0,classic,274664,274664,0,274664,0,62007641000,7406000,10809000,31424000,,6607000,27222000,2,274779,274664,49539,160691564,5,27020000,27020000,0,ack,0,0,0,True,61998833000,62007641000,27020000
topology.leader-rebalance-churn,i1,common,full,0,native,205914,205914,0,205914,0,62005000000,10000000,14000000,39000000,,8818005,34010001,2,206009,205914,53878,121949775,4,23000000,35000000,2,ack,0,0,0,True,61995000000,62005000000,23000000
topology.leader-rebalance-churn,i5,original,full,0,classic,273963,273963,0,273963,0,62008266000,7406000,10407000,24624000,,6008000,20421000,2,274081,273963,50564,160437568,5,18619000,20620000,1,ack,0,0,0,True,61999860000,62008266000,31000000
topology.leader-rebalance-churn,i5,original,full,0,native,198257,198257,0,198257,0,62009000000,10000000,10000000,39000000,,5203000,33005206,2,198336,198257,66468,118742462,3,23000000,37000000,3,ack,0,0,0,True,61999000000,62009000000,23000000
topology.leader-rebalance-churn,i5,common,full,0,classic,273963,273963,0,273963,0,62008266000,7406000,10407000,24624000,,6008000,20421000,2,274081,273963,50564,160437568,5,18619000,20620000,1,ack,0,0,0,True,61999860000,62008266000,31000000
topology.leader-rebalance-churn,i5,common,full,0,native,187613,187613,0,187613,0,62008000000,10000000,24000000,47000000,,19388001,40211001,2,187735,187613,53327,111680096,3,23000000,35000000,2,ack,0,0,0,True,61998000000,62008000000,23000000
topology.partition-expansion,metadata20ms,original,full,0,classic,9112,9112,0,9112,0,20015810000,6404000,125377000,132396000,,124175000,131194000,1,9112,9112,2844,5706339,2,6404000,7407000,2,ack,0,0,0,True,20009000000,20015810000,10000000
topology.partition-expansion,metadata20ms,original,full,0,native,9112,9112,0,9112,0,20016000000,7000000,7000000,8000000,,5203000,5820000,1,9112,9112,5335,5766136,1,8000000,8000000,0,ack,0,0,0,True,20009000000,20016000000,1000000
topology.partition-expansion,metadata20ms,common,full,0,classic,9112,9112,0,9112,0,20015810000,6404000,125377000,132396000,,124175000,131194000,1,9112,9112,2844,5706339,2,6404000,7407000,2,ack,0,0,0,True,20009000000,20015810000,10000000
topology.partition-expansion,metadata20ms,common,full,0,native,9112,9112,0,9112,0,20016000000,7000000,17000000,26000000,,14998001,24001001,1,9112,9112,5191,5752808,1,8000000,23000000,3,ack,0,0,0,True,20009000000,20016000000,1000000
topology.partition-expansion,metadata1000ms,original,full,0,classic,9112,9112,0,9112,0,20015810000,6404000,124374000,131393000,,123172000,130191000,1,9112,9112,2844,5646604,2,6404000,7003000,2,ack,0,0,0,True,20009000000,20015810000,10000000
topology.partition-expansion,metadata1000ms,original,full,0,native,9112,9112,0,9112,0,20016000000,7000000,7000000,8000000,,5203000,5820000,1,9112,9112,5335,5724916,1,8000000,8000000,0,ack,0,0,0,True,20009000000,20016000000,1000000
topology.partition-expansion,metadata1000ms,common,full,0,classic,9112,9112,0,9112,0,20015810000,6404000,124374000,131393000,,123172000,130191000,1,9112,9112,2844,5646604,2,6404000,7003000,2,ack,0,0,0,True,20009000000,20015810000,10000000
topology.partition-expansion,metadata1000ms,common,full,0,native,9112,9112,0,9112,0,20016000000,7000000,17000000,26000000,,14998001,24001001,1,9112,9112,5191,5711588,1,8000000,23000000,3,ack,0,0,0,True,20009000000,20016000000,1000000
topology.delete-recreate,reopen0,original,full,0,classic,4512,4512,0,4512,0,15114558000,43129000,127381000,131393000,,126179000,130191000,2,4533,4512,407,2616789,14,14404000,19164000,5,ack,0,0,0,True,15109750000,15114558000,10000000
topology.delete-recreate,reopen0,original,full,0,native,4512,4121,391,4112,9,15110000000,4000000,8000000,8000000,2250000,5819000,5820000,1,4112,4112,335,2345721,12,8000000,8000000,0,ack,0,0,0,True,15109750000,15012250000,1000000
topology.delete-recreate,reopen0,common,full,0,classic,4512,4512,0,4512,0,15114558000,43129000,127381000,131393000,,126179000,130191000,2,4533,4512,407,2616789,14,14404000,19164000,5,ack,0,0,0,True,15109750000,15114558000,10000000
topology.delete-recreate,reopen0,common,full,0,native,4512,4121,391,4112,9,15110000000,5000000,19000000,26000000,2250000,16998001,24001001,1,4112,4112,191,2332393,15,8000000,23000000,3,ack,0,0,0,True,15109750000,15012250000,1000000
topology.delete-recreate,reopen1,original,full,0,classic,4512,4512,0,4512,0,15114558000,43129000,127381000,131393000,,126179000,130191000,1,4512,4512,402,2604682,14,6404000,6407000,3,ack,0,0,0,True,15109750000,15114558000,10000000
topology.delete-recreate,reopen1,original,full,0,native,4512,4512,0,4512,0,15116000000,4000000,8000000,8000000,,5819000,5820000,1,4512,4512,433,2580940,10,8000000,8000000,0,ack,0,0,0,True,15109750000,15116000000,1000000
topology.delete-recreate,reopen1,common,full,0,classic,4512,4512,0,4512,0,15114558000,43129000,127381000,131393000,,126179000,130191000,1,4512,4512,402,2604682,14,6404000,6407000,3,ack,0,0,0,True,15109750000,15114558000,10000000
topology.delete-recreate,reopen1,common,full,0,native,4512,4512,0,4512,0,15116000000,5000000,19000000,26000000,,16998001,24001001,1,4512,4512,289,2567612,11,8000000,23000000,3,ack,0,0,0,True,15109750000,15116000000,1000000
topology.multi-topic-isolation,lanes1,original,full,0,classic,48641,48641,0,48641,0,17008581000,8006000,16012000,616012000,,11810000,411810000,1,48641,48641,7073,28109564,7,16618000,208006000,0,ack,0,0,0,True,16996572000,17008581000,208006000
topology.multi-topic-isolation,lanes1,original,full,0,native,57912,57912,0,57912,0,17005000000,8000000,9000000,408000000,,3798000,203780000,1,57912,57912,7237,33237213,8,23000000,204000000,0,ack,0,0,0,True,16997000000,17005000000,204000000
topology.multi-topic-isolation,lanes1,common,full,0,classic,48641,48641,0,48641,0,17008581000,8006000,16012000,616012000,,11810000,411810000,1,48641,48641,7073,28109564,7,16618000,208006000,0,ack,0,0,0,True,16996572000,17008581000,208006000
topology.multi-topic-isolation,lanes1,common,full,0,native,57912,57912,0,57912,0,17005000000,8000000,9000000,408000000,,3798027,203753027,1,57912,57912,7237,33237213,8,23000000,204000000,0,ack,0,0,0,True,16997000000,17005000000,204000000
topology.multi-topic-isolation,lanes4,original,full,0,classic,48641,48641,0,48641,0,17008581000,8006000,16012000,616012000,,11810000,411810000,1,48641,48641,7073,28109564,7,16618000,208006000,0,ack,0,0,0,True,16996572000,17008581000,208006000
topology.multi-topic-isolation,lanes4,original,full,0,native,57912,57912,0,57912,0,17005000000,8000000,9000000,408000000,,3798000,203780000,1,57912,57912,7237,33237213,8,23000000,204000000,0,ack,0,0,0,True,16997000000,17005000000,204000000
topology.multi-topic-isolation,lanes4,common,full,0,classic,48641,48641,0,48641,0,17008581000,8006000,16012000,616012000,,11810000,411810000,1,48641,48641,7073,28109564,7,16618000,208006000,0,ack,0,0,0,True,16996572000,17008581000,208006000
topology.multi-topic-isolation,lanes4,common,full,0,native,57912,57912,0,57912,0,17005000000,8000000,9000000,408000000,,3798027,203753027,1,57912,57912,7237,33237213,8,23000000,204000000,0,ack,0,0,0,True,16997000000,17005000000,204000000
resources.memory-bounded-overload,value512,original,full,0,classic,320024,66753,253271,66753,0,11009404000,46959250,229385250,256191000,,225183250,251989000,1,66753,66753,6685,38384340,7,18618000,22620000,1,ack,0,0,0,True,11000000000,11009404000,31000000
resources.memory-bounded-overload,value512,original,full,0,native,320024,6257,313767,6257,0,11035000000,348000000,1128937500,1150000000,,1124733250,1145795750,1,6257,6257,4105,3983961,1,48406250,78250000,4,ack,0,0,0,True,11000000000,11035000000,31250
resources.memory-bounded-overload,value512,common,full,0,classic,320024,66753,253271,66753,0,11009404000,46959250,229385250,256191000,,225183250,251989000,1,66753,66753,6685,38384340,7,18618000,22620000,1,ack,0,0,0,True,11000000000,11009404000,31000000
resources.memory-bounded-overload,value512,common,full,0,native,320024,43251,276773,43251,0,11014000000,19968750,256156250,268156250,,251950002,263941252,1,43251,43251,7236,25056213,6,23000000,88062500,4,ack,0,0,0,True,11000000000,11014000000,31250
resources.memory-bounded-overload,value2048,original,full,0,classic,320024,9883,310141,9883,0,11020416000,47388750,200127750,244182250,,195925750,239980250,1,9883,9883,6650,21776636,1,16618000,20620000,0,ack,0,0,0,True,11000000000,11020416000,31000000
resources.memory-bounded-overload,value2048,original,full,0,native,320024,5095,314929,5095,0,11044000000,195375000,363406250,391406250,,359202000,387202000,1,5095,5095,3849,11129794,1,42406250,57406250,3,ack,0,0,0,True,11000000000,11044000000,31250
resources.memory-bounded-overload,value2048,common,full,0,classic,320024,9883,310141,9883,0,11020416000,47388750,200127750,244182250,,195925750,239980250,1,9883,9883,6650,21776636,1,16618000,20620000,0,ack,0,0,0,True,11000000000,11020416000,31000000
resources.memory-bounded-overload,value2048,common,full,0,native,320024,13046,306978,13046,0,11021000000,40000000,900656250,984750000,,896425253,980517003,1,13046,13046,5977,28041085,2,23000000,96093750,4,ack,0,0,0,True,11000000000,11021000000,31250
resources.wire-window-vs-latency,window64k,original,full,0,classic,4096,4096,0,4096,0,1357142000,81004000,165020000,167026000,,144018000,146024000,1,4096,4096,379,2362671,12,123028000,124030000,0,ack,0,0,0,True,1241140000,1357142000,125000000
resources.wire-window-vs-latency,window64k,original,full,0,native,4096,4096,0,4096,0,957000000,44000000,206000000,206000000,,184019000,184020000,1,4096,4096,497,2349306,8,206000000,206000000,0,ack,0,0,0,True,910000000,957000000,203000000
resources.wire-window-vs-latency,window64k,common,full,0,classic,4096,4096,0,4096,0,1357142000,81004000,165020000,167026000,,144018000,146024000,1,4096,4096,379,2362671,12,123028000,124030000,0,ack,0,0,0,True,1241140000,1357142000,125000000
resources.wire-window-vs-latency,window64k,common,full,0,native,4096,4096,0,4096,0,1031000000,45000000,206000000,207000000,,184021001,185021001,1,4096,4096,292,2332430,9,206000000,207000000,2,ack,0,0,0,True,955000000,1031000000,203000000
resources.wire-window-vs-latency,window256k,original,full,0,classic,4096,4096,0,4096,0,1357142000,81004000,165020000,167026000,,144018000,146024000,1,4096,4096,379,2362671,12,123028000,124030000,0,ack,0,0,0,True,1241140000,1357142000,125000000
resources.wire-window-vs-latency,window256k,original,full,0,native,4096,4096,0,4096,0,957000000,44000000,206000000,206000000,,184019000,184020000,1,4096,4096,497,2349306,8,206000000,206000000,0,ack,0,0,0,True,910000000,957000000,203000000
resources.wire-window-vs-latency,window256k,common,full,0,classic,4096,4096,0,4096,0,1357142000,81004000,165020000,167026000,,144018000,146024000,1,4096,4096,379,2362671,12,123028000,124030000,0,ack,0,0,0,True,1241140000,1357142000,125000000
resources.wire-window-vs-latency,window256k,common,full,0,native,4096,4096,0,4096,0,1031000000,45000000,206000000,207000000,,184021001,185021001,1,4096,4096,292,2332430,9,206000000,207000000,2,ack,0,0,0,True,955000000,1031000000,203000000
resources.wire-window-vs-latency,window1024k,original,full,0,classic,4096,4096,0,4096,0,1357142000,81004000,165020000,167026000,,144018000,146024000,1,4096,4096,379,2362671,12,123028000,124030000,0,ack,0,0,0,True,1241140000,1357142000,125000000
resources.wire-window-vs-latency,window1024k,original,full,0,native,4096,4096,0,4096,0,957000000,44000000,206000000,206000000,,184019000,184020000,1,4096,4096,497,2349306,8,206000000,206000000,0,ack,0,0,0,True,910000000,957000000,203000000
resources.wire-window-vs-latency,window1024k,common,full,0,classic,4096,4096,0,4096,0,1357142000,81004000,165020000,167026000,,144018000,146024000,1,4096,4096,379,2362671,12,123028000,124030000,0,ack,0,0,0,True,1241140000,1357142000,125000000
resources.wire-window-vs-latency,window1024k,common,full,0,native,4096,4096,0,4096,0,1031000000,45000000,206000000,207000000,,184021001,185021001,1,4096,4096,292,2332430,9,206000000,207000000,2,ack,0,0,0,True,955000000,1031000000,203000000
resources.delivery-timeout-tuning,deadline2s,original,full,0,classic,25177,25177,0,25129,48,14031218000,12010000,16012000,21218000,2000492000,11810000,17016000,1,25132,25132,7628,15351908,3,1078860000,2080553000,0,failure,0,0,0,True,14010000000,14031218000,31000000
resources.delivery-timeout-tuning,deadline2s,original,full,0,native,21851,21851,0,21803,48,14019000000,16000000,28000000,35000000,2000900000,23271000,30088000,1,21805,21805,14302,13885145,1,991000000,2005000000,3,failure,0,0,0,True,14010000000,14019000000,23000000
resources.delivery-timeout-tuning,deadline2s,common,full,0,classic,25177,25177,0,25129,48,14031218000,12010000,16012000,21218000,2000492000,11810000,17016000,1,25132,25132,7628,15351908,3,1078860000,2080553000,0,failure,0,0,0,True,14010000000,14031218000,31000000
resources.delivery-timeout-tuning,deadline2s,common,full,0,native,20866,20866,0,20818,48,14019000000,16000000,20000000,37000000,2000900000,15707007,32226012,1,20820,20820,7764,12862693,2,997000000,2013000000,3,failure,0,0,0,True,14010000000,14019000000,23000000
resources.delivery-timeout-tuning,deadline6s,original,full,0,classic,32957,32957,0,32957,0,16012011000,12010000,16012000,4074058000,,11810000,4069856000,2,32960,32957,9765,20067021,3,16618000,4058670000,0,ack,0,0,0,True,15999601000,16012011000,3941780000
resources.delivery-timeout-tuning,deadline6s,original,full,0,native,27321,27321,0,27321,0,16020000000,16000000,28000000,4034100000,,23265000,4029645575,2,27323,27321,17890,17394391,1,23000000,4023000000,0,ack,0,0,0,True,15998000000,16020000000,3919900000
resources.delivery-timeout-tuning,deadline6s,common,full,0,classic,32957,32957,0,32957,0,16012011000,12010000,16012000,4074058000,,11810000,4069856000,2,32960,32957,9765,20067021,3,16618000,4058670000,0,ack,0,0,0,True,15999601000,16012011000,3941780000
resources.delivery-timeout-tuning,deadline6s,common,full,0,native,26095,26095,0,26095,0,16013000000,16000000,20000000,4040000000,,15727007,4034808342,2,26097,26095,10006,16145864,2,23000000,4024000000,0,ack,0,0,0,True,15998000000,16013000000,3864900000
resources.delivery-timeout-tuning,deadline30s,original,full,0,classic,32957,32957,0,32957,0,16012011000,12010000,16012000,4074058000,,11810000,4069856000,2,32960,32957,9765,20067021,3,16618000,4058670000,0,ack,0,0,0,True,15999601000,16012011000,3941780000
resources.delivery-timeout-tuning,deadline30s,original,full,0,native,27321,27321,0,27321,0,16020000000,16000000,28000000,4034100000,,23265000,4029645575,2,27323,27321,17890,17394391,1,23000000,4023000000,0,ack,0,0,0,True,15998000000,16020000000,3919900000
resources.delivery-timeout-tuning,deadline30s,common,full,0,classic,32957,32957,0,32957,0,16012011000,12010000,16012000,4074058000,,11810000,4069856000,2,32960,32957,9765,20067021,3,16618000,4058670000,0,ack,0,0,0,True,15999601000,16012011000,3941780000
resources.delivery-timeout-tuning,deadline30s,common,full,0,native,26095,26095,0,26095,0,16013000000,16000000,20000000,4040000000,,15727007,4034808342,2,26097,26095,10006,16145864,2,23000000,4024000000,0,ack,0,0,0,True,15998000000,16013000000,3864900000
resources.stop-polling-backpressure,events64,original,full,0,classic,30000,29980,20,29980,0,15005309000,4904000,1853000000,2002500000,,5202000,9205000,1,29980,29980,7494,18078919,4,2001596000,2002500000,1,ack,0,0,0,True,14999500000,15005309000,500000
resources.stop-polling-backpressure,events64,original,full,0,native,30000,26057,3943,26057,0,15006000000,5500000,6500000,2006000000,,5203000,5819000,1,26057,26057,10992,15869901,2,2001000000,2005000000,2,ack,0,0,0,True,14999500000,15006000000,500000
resources.stop-polling-backpressure,events64,common,full,0,classic,30000,29980,20,29980,0,15005309000,4904000,1853000000,2002500000,,5202000,9205000,1,29980,29980,7494,18078919,4,2001596000,2002500000,1,ack,0,0,0,True,14999500000,15005309000,500000
resources.stop-polling-backpressure,events64,common,full,0,native,30000,26057,3943,26057,0,15006000000,5500000,7000000,2006000000,,5705001,5818001,1,26057,26057,10992,15869784,2,2001000000,2005000000,2,ack,0,0,0,True,14999500000,15006000000,500000
resources.stop-polling-backpressure,events1024,original,full,0,classic,30000,29980,20,29980,0,15005309000,4904000,1853000000,2002500000,,5202000,9205000,1,29980,29980,7494,18078919,4,2001596000,2002500000,1,ack,0,0,0,True,14999500000,15005309000,500000
resources.stop-polling-backpressure,events1024,original,full,0,native,30000,27017,2983,27017,0,15006000000,5500000,1868500000,2006000000,,5203000,5819000,1,27017,27017,11397,16454331,2,2001000000,2005000000,2,ack,0,0,0,True,14999500000,15006000000,500000
resources.stop-polling-backpressure,events1024,common,full,0,classic,30000,29980,20,29980,0,15005309000,4904000,1853000000,2002500000,,5202000,9205000,1,29980,29980,7494,18078919,4,2001596000,2002500000,1,ack,0,0,0,True,14999500000,15005309000,500000
resources.stop-polling-backpressure,events1024,common,full,0,native,30000,27017,2983,27017,0,15006000000,5500000,1868500000,2006000000,,5705001,5818001,1,27017,27017,11397,16454214,2,2001000000,2005000000,2,ack,0,0,0,True,14999500000,15006000000,500000
hard.partition-admission-isolation,independent-rate1000-shared,original,full,0,classic,30000,29988,12,29988,0,30001070325,6063332,2170170937,3040320505,,2162980913,3034133481,2,29990,29988,14577,19637799,2,8284145,3039048060,0,ack,0,0,0,True,29994011976,30001070325,6024097
hard.partition-admission-isolation,independent-rate1000-shared,original,full,0,native,30000,28506,1494,28506,0,30001000000,6988024,2170736815,3019036216,,2162609984,3011905385,2,28508,28506,28004,19254631,1,1475903614,3018036216,0,ack,0,0,0,True,29994011976,30001000000,6024097
hard.partition-admission-isolation,independent-rate1000-shared,common,full,0,classic,30000,29988,12,29988,0,30001070325,6063332,2170170937,3040320505,,2162980913,3034133481,2,29990,29988,14577,19637799,2,8284145,3039048060,0,ack,0,0,0,True,29994011976,30001070325,6024097
hard.partition-admission-isolation,independent-rate1000-shared,common,full,0,native,30000,28512,1488,28512,0,30002000000,6988024,2168736815,3017012120,,2160780493,3013086894,2,28514,28512,23448,19030437,1,1473879518,3016012120,0,ack,0,0,0,True,29994011976,30002000000,6024097
hard.partition-admission-isolation,independent-rate1000-pressure,original,full,0,classic,30000,29988,12,29988,0,30001070325,6063332,2170170937,3040320505,,2162980913,3034133481,2,29990,29988,14577,19637799,2,8284145,3039048060,0,ack,0,0,0,True,29994011976,30001070325,6024097
hard.partition-admission-isolation,independent-rate1000-pressure,original,full,0,native,30000,29370,630,29370,0,30001000000,6988024,2150808816,3023036216,,2143184373,3016432870,2,29372,29370,28998,19854719,1,7024096,3022036216,0,ack,0,0,0,True,29994011976,30001000000,6024097
hard.partition-admission-isolation,independent-rate1000-pressure,common,full,0,classic,30000,29988,12,29988,0,30001070325,6063332,2170170937,3040320505,,2162980913,3034133481,2,29990,29988,14577,19637799,2,8284145,3039048060,0,ack,0,0,0,True,29994011976,30001070325,6024097
hard.partition-admission-isolation,independent-rate1000-pressure,common,full,0,native,30000,28512,1488,28512,0,30002000000,6988024,2168736815,3017012120,,2160780493,3013086894,2,28514,28512,23448,19030437,1,1473879518,3016012120,0,ack,0,0,0,True,29994011976,30002000000,6024097
hard.partition-admission-isolation,independent-rate4000-shared,original,full,0,classic,120000,119952,48,119952,0,30005308749,4402501,2237457569,3050253543,,2236255569,3049051543,1,119952,119952,14788,69972027,8,8233013,3049348794,0,ack,0,0,0,True,29998500749,30005308749,1501502
hard.partition-admission-isolation,independent-rate4000-shared,original,full,0,native,120000,109504,10496,109504,0,30002000000,4920963,7372939,3007001504,,5203000,3005378347,1,109504,109504,27264,64444075,4,2588710650,3006001504,0,ack,0,0,0,True,29998500749,30002000000,1501502
hard.partition-admission-isolation,independent-rate4000-shared,common,full,0,classic,120000,119952,48,119952,0,30005308749,4402501,2237457569,3050253543,,2236255569,3049051543,1,119952,119952,14788,69972027,8,8233013,3049348794,0,ack,0,0,0,True,29998500749,30005308749,1501502
hard.partition-admission-isolation,independent-rate4000-shared,common,full,0,native,120000,109456,10544,109456,0,30002000000,4918712,7390449,3022016519,,6015906,3019912747,1,109456,109456,22749,64190521,4,2600722662,3021016519,3,ack,0,0,0,True,29998500749,30002000000,1501502
hard.partition-admission-isolation,independent-rate4000-pressure,original,full,0,classic,120000,119952,48,119952,0,30005308749,4402501,2237457569,3050253543,,2236255569,3049051543,1,119952,119952,14788,69972027,8,8233013,3049348794,0,ack,0,0,0,True,29998500749,30005308749,1501502
hard.partition-admission-isolation,independent-rate4000-pressure,original,full,0,native,120000,116362,3638,116362,0,30005000000,4914209,7366187,3011506008,,5203000,3009804923,1,116362,116362,29002,68482605,4,7496251,3010506008,0,ack,0,0,0,True,29998500749,30005000000,1501502
hard.partition-admission-isolation,independent-rate4000-pressure,common,full,0,classic,120000,119952,48,119952,0,30005308749,4402501,2237457569,3050253543,,2236255569,3049051543,1,119952,119952,14788,69972027,8,8233013,3049348794,0,ack,0,0,0,True,29998500749,30005308749,1501502
hard.partition-admission-isolation,independent-rate4000-pressure,common,full,0,native,120000,109456,10544,109456,0,30002000000,4918712,7390449,3022016519,,6015906,3019912747,1,109456,109456,22749,64190521,4,2600722662,3021016519,3,ack,0,0,0,True,29998500749,30002000000,1501502
hard.partition-admission-isolation,independent-rate16000-shared,original,full,0,classic,480000,474633,5367,474633,0,30004683140,2903812,2458214752,3008336485,,2455391080,3005512813,2,474647,474633,33913,271994828,14,314769005,3006932485,0,ack,0,0,0,True,29999625046,30004683140,375094
hard.partition-admission-isolation,independent-rate16000-shared,original,full,0,native,480000,433222,46778,433222,0,30005000000,2911443,4126032,3019497562,,2833672,3018213737,1,433222,433222,54106,248569798,8,2869891263,3018373266,0,ack,0,0,0,True,29999625046,30005000000,375094
hard.partition-admission-isolation,independent-rate16000-shared,common,full,0,classic,480000,474633,5367,474633,0,30004683140,2903812,2458214752,3008336485,,2455391080,3005512813,2,474647,474633,33913,271994828,14,314769005,3006932485,0,ack,0,0,0,True,29999625046,30004683140,375094
hard.partition-admission-isolation,independent-rate16000-shared,common,full,0,native,480000,433396,46604,433396,0,30007000000,3000750,5249343,3011623547,,3829676,3010108939,1,433396,433396,54127,248669590,8,2859017623,3009373969,3,ack,0,0,0,True,29999625046,30007000000,375094
hard.partition-admission-isolation,independent-rate16000-pressure,original,full,0,classic,480000,474633,5367,474633,0,30004683140,2903812,2458214752,3008336485,,2455391080,3005512813,2,474647,474633,33913,271994828,14,314769005,3006932485,0,ack,0,0,0,True,29999625046,30004683140,375094
hard.partition-admission-isolation,independent-rate16000-pressure,original,full,0,native,480000,464242,15758,464242,0,30006000000,2910458,4126032,3023247094,,2833672,3021988877,1,464242,464242,57986,266367619,8,7124109,3022122798,0,ack,0,0,0,True,29999625046,30006000000,375094
hard.partition-admission-isolation,independent-rate16000-pressure,common,full,0,classic,480000,474633,5367,474633,0,30004683140,2903812,2458214752,3008336485,,2455391080,3005512813,2,474647,474633,33913,271994828,14,314769005,3006932485,0,ack,0,0,0,True,29999625046,30004683140,375094
hard.partition-admission-isolation,independent-rate16000-pressure,common,full,0,native,480000,433396,46604,433396,0,30007000000,3000750,5249343,3011623547,,3829676,3010108939,1,433396,433396,54127,248669590,8,2859017623,3009373969,3,ack,0,0,0,True,29999625046,30007000000,375094
baseline.partition-admission-skew,hot-rate8000-shared,original,full,0,classic,80008,80008,0,80008,0,11664563000,733171000,1450090000,1465063000,,1448888000,1463861000,1,80008,80008,11431,46188069,7,4212000,4212000,0,ack,0,0,0,True,10199875000,11664563000,10000000
baseline.partition-admission-skew,hot-rate8000-shared,original,full,0,native,80008,80008,0,80008,0,10206000000,3500000,4125000,8000000,,2799000,5819000,1,80008,80008,9973,45901458,8,8000000,8000000,0,ack,0,0,0,True,10199875000,10206000000,125000
baseline.partition-admission-skew,hot-rate8000-shared,common,full,0,classic,80008,80008,0,80008,0,11664563000,733171000,1450090000,1465063000,,1448888000,1463861000,1,80008,80008,11431,46188069,7,4212000,4212000,0,ack,0,0,0,True,10199875000,11664563000,10000000
baseline.partition-admission-skew,hot-rate8000-shared,common,full,0,native,80008,80008,0,80008,0,10206000000,3500000,4125000,8000000,,2799002,5818001,1,80008,80008,9973,45901458,8,8000000,8000000,0,ack,0,0,0,True,10199875000,10206000000,125000
baseline.partition-admission-skew,hot-rate8000-pressure,original,full,0,classic,80008,80008,0,80008,0,11664563000,733171000,1450090000,1465063000,,1448888000,1463861000,1,80008,80008,11431,46188069,7,4212000,4212000,0,ack,0,0,0,True,10199875000,11664563000,10000000
baseline.partition-admission-skew,hot-rate8000-pressure,original,full,0,native,80008,80008,0,80008,0,10206000000,3500000,4125000,8000000,,2799000,5819000,1,80008,80008,9973,45901458,8,8000000,8000000,0,ack,0,0,0,True,10199875000,10206000000,125000
baseline.partition-admission-skew,hot-rate8000-pressure,common,full,0,classic,80008,80008,0,80008,0,11664563000,733171000,1450090000,1465063000,,1448888000,1463861000,1,80008,80008,11431,46188069,7,4212000,4212000,0,ack,0,0,0,True,10199875000,11664563000,10000000
baseline.partition-admission-skew,hot-rate8000-pressure,common,full,0,native,80008,80008,0,80008,0,10206000000,3500000,4125000,8000000,,2799002,5818001,1,80008,80008,9973,45901458,8,8000000,8000000,0,ack,0,0,0,True,10199875000,10206000000,125000
baseline.partition-admission-skew,hot-rate32000-shared,original,full,0,classic,320008,84127,235881,84127,0,12253670750,2054004000,2054141000,2054143750,,2052939000,2052941750,1,84127,84127,12019,48565854,7,4212000,4212000,0,ack,0,0,0,True,10199968750,12253670750,10000000
baseline.partition-admission-skew,hot-rate32000-shared,original,full,0,native,320008,159563,160445,159563,0,10204000000,3781250,4031250,8000000,,2805000,5819000,1,159563,159563,9974,90372821,8,8000000,8000000,0,ack,0,0,0,True,10199968750,10204000000,31250
baseline.partition-admission-skew,hot-rate32000-shared,common,full,0,classic,320008,84127,235881,84127,0,12253670750,2054004000,2054141000,2054143750,,2052939000,2052941750,1,84127,84127,12019,48565854,7,4212000,4212000,0,ack,0,0,0,True,10199968750,12253670750,10000000
baseline.partition-admission-skew,hot-rate32000-shared,common,full,0,native,320008,159563,160445,159563,0,10204000000,3781250,4031250,8000000,,2805002,5818001,1,159563,159563,9974,90372821,8,8000000,8000000,0,ack,0,0,0,True,10199968750,10204000000,31250
baseline.partition-admission-skew,hot-rate32000-pressure,original,full,0,classic,320008,84127,235881,84127,0,12253670750,2054004000,2054141000,2054143750,,2052939000,2052941750,1,84127,84127,12019,48565854,7,4212000,4212000,0,ack,0,0,0,True,10199968750,12253670750,10000000
baseline.partition-admission-skew,hot-rate32000-pressure,original,full,0,native,320008,119680,200328,119680,0,10204000000,3843750,4031250,8000000,,2806250,5819000,1,119680,119680,9974,68078224,8,8000000,8000000,0,ack,0,0,0,True,10199968750,10204000000,31250
baseline.partition-admission-skew,hot-rate32000-pressure,common,full,0,classic,320008,84127,235881,84127,0,12253670750,2054004000,2054141000,2054143750,,2052939000,2052941750,1,84127,84127,12019,48565854,7,4212000,4212000,0,ack,0,0,0,True,10199968750,12253670750,10000000
baseline.partition-admission-skew,hot-rate32000-pressure,common,full,0,native,320008,159563,160445,159563,0,10204000000,3781250,4031250,8000000,,2805002,5818001,1,159563,159563,9974,90372821,8,8000000,8000000,0,ack,0,0,0,True,10199968750,10204000000,31250
baseline.partition-admission-skew,skew90-rate8000-shared,original,full,0,classic,80008,80008,0,80008,0,10518231222,142628222,314999556,318925667,,313797556,317723667,1,80008,80008,13486,46777651,7,4212000,9212000,1,ack,0,0,0,True,10199861111,10518231222,10000000
baseline.partition-admission-skew,skew90-rate8000-shared,original,full,0,native,80008,80008,0,80008,0,10207000000,3472223,8055555,8472222,,6766555,7268555,1,80008,80008,13228,46499486,8,8000000,8000000,0,ack,0,0,0,True,10199861111,10207000000,6250000
baseline.partition-admission-skew,skew90-rate8000-shared,common,full,0,classic,80008,80008,0,80008,0,10518231222,142628222,314999556,318925667,,313797556,317723667,1,80008,80008,13486,46777651,7,4212000,9212000,1,ack,0,0,0,True,10199861111,10518231222,10000000
baseline.partition-admission-skew,skew90-rate8000-shared,common,full,0,native,80008,80008,0,80008,0,10207000000,3472223,8055555,8472222,,6765557,7268557,1,80008,80008,13223,46499236,8,8000000,8000000,0,ack,0,0,0,True,10199861111,10207000000,6250000
baseline.partition-admission-skew,skew90-rate8000-pressure,original,full,0,classic,80008,80008,0,80008,0,10518231222,142628222,314999556,318925667,,313797556,317723667,1,80008,80008,13486,46777651,7,4212000,9212000,1,ack,0,0,0,True,10199861111,10518231222,10000000
baseline.partition-admission-skew,skew90-rate8000-pressure,original,full,0,native,80008,80008,0,80008,0,10207000000,3472223,8055555,8472222,,6766555,7268555,1,80008,80008,13228,46499486,8,8000000,8000000,0,ack,0,0,0,True,10199861111,10207000000,6250000
baseline.partition-admission-skew,skew90-rate8000-pressure,common,full,0,classic,80008,80008,0,80008,0,10518231222,142628222,314999556,318925667,,313797556,317723667,1,80008,80008,13486,46777651,7,4212000,9212000,1,ack,0,0,0,True,10199861111,10518231222,10000000
baseline.partition-admission-skew,skew90-rate8000-pressure,common,full,0,native,80008,80008,0,80008,0,10207000000,3472223,8055555,8472222,,6765557,7268557,1,80008,80008,13223,46499236,8,8000000,8000000,0,ack,0,0,0,True,10199861111,10207000000,6250000
baseline.partition-admission-skew,skew90-rate32000-shared,original,full,0,classic,320008,86234,233774,86234,0,12253695055,2053983111,2054140778,2054143944,,2052938778,2052941944,1,86234,86234,12257,49819085,7,4212000,9212000,1,ack,0,0,0,True,10199965277,12253695055,10000000
baseline.partition-admission-skew,skew90-rate32000-shared,original,full,0,native,320008,156557,163451,156557,0,10204000000,3750000,6979166,9250000,,5747055,7795055,1,156557,156557,13279,89302182,10,8000000,8680555,3,ack,0,0,0,True,10199965277,10204000000,1562500
baseline.partition-admission-skew,skew90-rate32000-shared,common,full,0,classic,320008,86234,233774,86234,0,12253695055,2053983111,2054140778,2054143944,,2052938778,2052941944,1,86234,86234,12257,49819085,7,4212000,9212000,1,ack,0,0,0,True,10199965277,12253695055,10000000
baseline.partition-admission-skew,skew90-rate32000-shared,common,full,0,native,320008,156560,163448,156560,0,10204000000,3750000,6979166,9250000,,5746557,7793057,1,156560,156560,13276,89303914,10,8000000,8680555,3,ack,0,0,0,True,10199965277,10204000000,1562500
baseline.partition-admission-skew,skew90-rate32000-pressure,original,full,0,classic,320008,86234,233774,86234,0,12253695055,2053983111,2054140778,2054143944,,2052938778,2052941944,1,86234,86234,12257,49819085,7,4212000,9212000,1,ack,0,0,0,True,10199965277,12253695055,10000000
baseline.partition-admission-skew,skew90-rate32000-pressure,original,full,0,native,320008,122992,197016,122992,0,10204000000,3750000,8263888,9250000,,7038055,7809055,1,122992,122992,13174,70535790,8,8000000,8000000,0,ack,0,0,0,True,10199965277,10204000000,1562500
baseline.partition-admission-skew,skew90-rate32000-pressure,common,full,0,classic,320008,86234,233774,86234,0,12253695055,2053983111,2054140778,2054143944,,2052938778,2052941944,1,86234,86234,12257,49819085,7,4212000,9212000,1,ack,0,0,0,True,10199965277,12253695055,10000000
baseline.partition-admission-skew,skew90-rate32000-pressure,common,full,0,native,320008,156560,163448,156560,0,10204000000,3750000,6979166,9250000,,5746557,7793057,1,156560,156560,13276,89303914,10,8000000,8680555,3,ack,0,0,0,True,10199965277,10204000000,1562500
baseline.partition-admission-skew,sparse1024-rate8000-shared,original,full,0,classic,80008,80008,0,80008,0,10518231222,142628222,314999556,318925667,,313797556,317723667,1,80008,80008,13486,46777719,7,4212000,9212000,1,ack,0,0,0,True,10199861111,10518231222,10000000
baseline.partition-admission-skew,sparse1024-rate8000-shared,original,full,0,native,80008,80008,0,80008,0,10207000000,3472223,8333333,9027777,,7018555,7810555,1,80008,80008,13186,46497318,8,8000000,8000000,0,ack,0,0,0,True,10199861111,10207000000,6250000
baseline.partition-admission-skew,sparse1024-rate8000-shared,common,full,0,classic,80008,80008,0,80008,0,10518231222,142628222,314999556,318925667,,313797556,317723667,1,80008,80008,13486,46777719,7,4212000,9212000,1,ack,0,0,0,True,10199861111,10518231222,10000000
baseline.partition-admission-skew,sparse1024-rate8000-shared,common,full,0,native,80008,80008,0,80008,0,10207000000,3472223,8333333,8472222,,7017557,7268557,1,80008,80008,13187,46497436,8,8000000,8000000,0,ack,0,0,0,True,10199861111,10207000000,6250000
baseline.partition-admission-skew,sparse1024-rate8000-pressure,original,full,0,classic,80008,80008,0,80008,0,10518231222,142628222,314999556,318925667,,313797556,317723667,1,80008,80008,13486,46777719,7,4212000,9212000,1,ack,0,0,0,True,10199861111,10518231222,10000000
baseline.partition-admission-skew,sparse1024-rate8000-pressure,original,full,0,native,80008,80008,0,80008,0,10207000000,3472223,8333333,9027777,,7018555,7810555,1,80008,80008,13186,46497318,8,8000000,8000000,0,ack,0,0,0,True,10199861111,10207000000,6250000
baseline.partition-admission-skew,sparse1024-rate8000-pressure,common,full,0,classic,80008,80008,0,80008,0,10518231222,142628222,314999556,318925667,,313797556,317723667,1,80008,80008,13486,46777719,7,4212000,9212000,1,ack,0,0,0,True,10199861111,10518231222,10000000
baseline.partition-admission-skew,sparse1024-rate8000-pressure,common,full,0,native,80008,80008,0,80008,0,10207000000,3472223,8333333,8472222,,7017557,7268557,1,80008,80008,13187,46497436,8,8000000,8000000,0,ack,0,0,0,True,10199861111,10207000000,6250000
baseline.partition-admission-skew,sparse1024-rate32000-shared,original,full,0,classic,320008,86233,233775,86233,0,12253695055,2053983111,2054140778,2054143944,,2052938778,2052941944,1,86233,86233,12256,49838934,7,4212000,9212000,1,ack,0,0,0,True,10199965277,12253695055,10000000
baseline.partition-admission-skew,sparse1024-rate32000-shared,original,full,0,native,320008,144776,175232,144776,0,10206000000,3888889,8750000,10034722,,7538555,8811055,1,144776,144776,12639,82584881,10,8000000,10034722,1023,ack,0,0,0,True,10199965277,10206000000,1562500
baseline.partition-admission-skew,sparse1024-rate32000-shared,common,full,0,classic,320008,86233,233775,86233,0,12253695055,2053983111,2054140778,2054143944,,2052938778,2052941944,1,86233,86233,12256,49838934,7,4212000,9212000,1,ack,0,0,0,True,10199965277,12253695055,10000000
baseline.partition-admission-skew,sparse1024-rate32000-shared,common,full,0,native,320008,144896,175112,144896,0,10206000000,3888889,8750000,10375000,,7533557,8812557,1,144896,144896,12648,82652839,10,8000000,10034722,768,ack,0,0,0,True,10199965277,10206000000,1562500
baseline.partition-admission-skew,sparse1024-rate32000-pressure,original,full,0,classic,320008,86233,233775,86233,0,12253695055,2053983111,2054140778,2054143944,,2052938778,2052941944,1,86233,86233,12256,49838934,7,4212000,9212000,1,ack,0,0,0,True,10199965277,12253695055,10000000
baseline.partition-admission-skew,sparse1024-rate32000-pressure,original,full,0,native,320008,116808,203200,116808,0,10204000000,3854166,8750000,9479166,,7530055,8257055,1,116808,116808,13174,67068054,8,8000000,8020833,1023,ack,0,0,0,True,10199965277,10204000000,1562500
baseline.partition-admission-skew,sparse1024-rate32000-pressure,common,full,0,classic,320008,86233,233775,86233,0,12253695055,2053983111,2054140778,2054143944,,2052938778,2052941944,1,86233,86233,12256,49838934,7,4212000,9212000,1,ack,0,0,0,True,10199965277,12253695055,10000000
baseline.partition-admission-skew,sparse1024-rate32000-pressure,common,full,0,native,320008,144896,175112,144896,0,10206000000,3888889,8750000,10375000,,7533557,8812557,1,144896,144896,12648,82652839,10,8000000,10034722,768,ack,0,0,0,True,10199965277,10206000000,1562500
